-- MySQL dump 10.13  Distrib 8.0.29, for Linux (x86_64)
--
-- Host: localhost    Database: bilingnet
-- ------------------------------------------------------
-- Server version	8.0.29-0ubuntu0.20.04.3

/*!40101 SET @OLD_CHARACTER_SET_CLIENT=@@CHARACTER_SET_CLIENT */;
/*!40101 SET @OLD_CHARACTER_SET_RESULTS=@@CHARACTER_SET_RESULTS */;
/*!40101 SET @OLD_COLLATION_CONNECTION=@@COLLATION_CONNECTION */;
/*!50503 SET NAMES utf8 */;
/*!40103 SET @OLD_TIME_ZONE=@@TIME_ZONE */;
/*!40103 SET TIME_ZONE='+00:00' */;
/*!40014 SET @OLD_UNIQUE_CHECKS=@@UNIQUE_CHECKS, UNIQUE_CHECKS=0 */;
/*!40014 SET @OLD_FOREIGN_KEY_CHECKS=@@FOREIGN_KEY_CHECKS, FOREIGN_KEY_CHECKS=0 */;
/*!40101 SET @OLD_SQL_MODE=@@SQL_MODE, SQL_MODE='NO_AUTO_VALUE_ON_ZERO' */;
/*!40111 SET @OLD_SQL_NOTES=@@SQL_NOTES, SQL_NOTES=0 */;

--
-- Table structure for table `docs`
--

DROP TABLE IF EXISTS `docs`;
/*!40101 SET @saved_cs_client     = @@character_set_client */;
/*!50503 SET character_set_client = utf8mb4 */;
CREATE TABLE `docs` (
  `did` int unsigned NOT NULL AUTO_INCREMENT,
  `compId` int NOT NULL,
  `dnama` varchar(100) COLLATE utf8_unicode_ci NOT NULL,
  `created_at` timestamp NULL DEFAULT NULL,
  `updated_at` timestamp NULL DEFAULT NULL,
  PRIMARY KEY (`did`)
) ENGINE=InnoDB DEFAULT CHARSET=utf8mb3 COLLATE=utf8_unicode_ci;
/*!40101 SET character_set_client = @saved_cs_client */;

--
-- Dumping data for table `docs`
--

LOCK TABLES `docs` WRITE;
/*!40000 ALTER TABLE `docs` DISABLE KEYS */;
/*!40000 ALTER TABLE `docs` ENABLE KEYS */;
UNLOCK TABLES;

--
-- Table structure for table `failed_jobs`
--

DROP TABLE IF EXISTS `failed_jobs`;
/*!40101 SET @saved_cs_client     = @@character_set_client */;
/*!50503 SET character_set_client = utf8mb4 */;
CREATE TABLE `failed_jobs` (
  `id` bigint unsigned NOT NULL AUTO_INCREMENT,
  `uuid` varchar(255) COLLATE utf8_unicode_ci NOT NULL,
  `connection` text COLLATE utf8_unicode_ci NOT NULL,
  `queue` text COLLATE utf8_unicode_ci NOT NULL,
  `payload` longtext COLLATE utf8_unicode_ci NOT NULL,
  `exception` longtext COLLATE utf8_unicode_ci NOT NULL,
  `failed_at` timestamp NOT NULL DEFAULT CURRENT_TIMESTAMP,
  PRIMARY KEY (`id`),
  UNIQUE KEY `failed_jobs_uuid_unique` (`uuid`)
) ENGINE=InnoDB DEFAULT CHARSET=utf8mb3 COLLATE=utf8_unicode_ci;
/*!40101 SET character_set_client = @saved_cs_client */;

--
-- Dumping data for table `failed_jobs`
--

LOCK TABLES `failed_jobs` WRITE;
/*!40000 ALTER TABLE `failed_jobs` DISABLE KEYS */;
/*!40000 ALTER TABLE `failed_jobs` ENABLE KEYS */;
UNLOCK TABLES;

--
-- Table structure for table `menu`
--

DROP TABLE IF EXISTS `menu`;
/*!40101 SET @saved_cs_client     = @@character_set_client */;
/*!50503 SET character_set_client = utf8mb4 */;
CREATE TABLE `menu` (
  `menuId` int unsigned NOT NULL AUTO_INCREMENT,
  `compId` int NOT NULL,
  `menuNama` varchar(100) COLLATE utf8_unicode_ci NOT NULL,
  `menuRoute` varchar(100) COLLATE utf8_unicode_ci DEFAULT NULL,
  `menuIcon` varchar(100) COLLATE utf8_unicode_ci DEFAULT NULL,
  `menuParent` int DEFAULT NULL,
  `menuOrder` int DEFAULT NULL,
  `created_at` timestamp NULL DEFAULT NULL,
  `updated_at` timestamp NULL DEFAULT NULL,
  PRIMARY KEY (`menuId`)
) ENGINE=InnoDB AUTO_INCREMENT=40 DEFAULT CHARSET=utf8mb3 COLLATE=utf8_unicode_ci;
/*!40101 SET character_set_client = @saved_cs_client */;

--
-- Dumping data for table `menu`
--

LOCK TABLES `menu` WRITE;
/*!40000 ALTER TABLE `menu` DISABLE KEYS */;
INSERT INTO `menu` VALUES (1,1,'Dashboard','dashboard','icon-display4',NULL,0,NULL,NULL),(2,1,'Setup','','icon-gear',NULL,1,NULL,NULL),(3,1,'Company','company','',2,1,NULL,NULL),(4,1,'Menu','menu','',2,2,NULL,NULL),(5,1,'Role','role','',2,3,NULL,NULL),(6,1,'Role Menu','rolemenu','',2,4,NULL,NULL),(7,1,'User Super','user','',2,5,NULL,NULL),(8,1,'User Company','usercomp','',2,6,NULL,NULL),(9,1,'Ganti Password','gantipass','',2,7,NULL,NULL),(10,1,'Master','','icon-database4',NULL,2,NULL,NULL),(11,1,'COA (Chart Of Account)','coa',NULL,10,5,NULL,'2022-06-19 04:23:07'),(12,1,'Dokumentasi','','icon-file-text2',NULL,3,NULL,NULL),(13,1,'Docs','docs','',12,1,NULL,NULL),(14,1,'Menu Level 2 Child','','',12,2,NULL,NULL),(15,1,'Menu Level 3','#','',14,1,NULL,NULL),(16,1,'Menu Level 3 Child','','',14,2,NULL,NULL),(17,1,'Menu Level 4','#','',16,1,NULL,NULL),(18,1,'Menu Level 4 Child','','',16,2,NULL,NULL),(19,1,'Menu Level 5','#','',18,1,NULL,NULL),(20,2,'Paket Langganan','paketlangganan',NULL,10,1,'2022-06-19 02:42:29','2022-06-19 02:52:31'),(21,2,'Periode Pembayaran','periodebayar',NULL,10,2,'2022-06-19 04:23:32','2022-06-19 04:23:32'),(22,2,'Bendahara','bendahara',NULL,10,3,'2022-06-19 04:23:57','2022-06-19 04:23:57'),(23,2,'Pelanggan',NULL,'icon-users',NULL,3,'2022-06-19 04:27:44','2022-06-19 04:27:44'),(24,2,'Data Pelanggan','datapelanggan',NULL,23,1,'2022-06-19 04:28:19','2022-06-19 04:28:19'),(25,2,'Kirim WA Notifikasi','kirimwa',NULL,23,3,'2022-06-19 04:28:48','2022-06-19 15:03:32'),(26,2,'Ipaymu','#','icon-coin-dollar',NULL,4,'2022-06-19 04:30:00','2022-06-19 04:30:00'),(27,2,'Posting Tagihan','postingtagihan',NULL,26,1,'2022-06-19 04:30:35','2022-06-19 04:31:36'),(28,2,'Cek Transaksi','cektransaksi',NULL,26,2,'2022-06-19 04:31:02','2022-06-19 04:31:02'),(29,2,'Cek Saldo','ceksaldo',NULL,26,3,'2022-06-19 04:31:27','2022-06-19 04:31:27'),(30,2,'Jurnal','#','icon-files-empty',NULL,5,'2022-06-19 04:32:50','2022-06-19 04:32:50'),(31,2,'Posting Penerimaan','postingterima',NULL,30,1,'2022-06-19 04:33:31','2022-06-19 04:33:31'),(32,2,'Posting Pengeluaran','postingkeluar',NULL,30,2,'2022-06-19 04:34:11','2022-06-19 04:34:11'),(33,2,'Laporan Jurnal Umum','laporanju',NULL,30,3,'2022-06-19 04:34:37','2022-06-19 04:34:37'),(34,2,'Laporan Rugi Laba','rugilaba',NULL,30,4,'2022-06-19 04:35:05','2022-06-19 04:35:05'),(35,2,'Laporan Per Bendahara','laporanbend',NULL,30,5,'2022-06-19 04:35:34','2022-06-19 04:35:34'),(36,2,'Laporan Tunggakan Pelanggan','tunggakan',NULL,30,6,'2022-06-19 04:36:02','2022-06-19 04:36:02'),(37,2,'Status Langganan','statusaktif',NULL,10,6,'2022-06-19 14:34:51','2022-06-19 15:05:56'),(38,2,'Create Tagihan Bulanan','tagihan',NULL,23,2,'2022-06-19 15:04:06','2022-06-26 13:00:45'),(39,2,'Pembayaran Pelanggan','pelangganbayar',NULL,23,4,'2022-06-19 15:11:52','2022-06-19 15:11:52');
/*!40000 ALTER TABLE `menu` ENABLE KEYS */;
UNLOCK TABLES;

--
-- Table structure for table `migrations`
--

DROP TABLE IF EXISTS `migrations`;
/*!40101 SET @saved_cs_client     = @@character_set_client */;
/*!50503 SET character_set_client = utf8mb4 */;
CREATE TABLE `migrations` (
  `id` int unsigned NOT NULL AUTO_INCREMENT,
  `migration` varchar(255) COLLATE utf8_unicode_ci NOT NULL,
  `batch` int NOT NULL,
  PRIMARY KEY (`id`)
) ENGINE=InnoDB AUTO_INCREMENT=12 DEFAULT CHARSET=utf8mb3 COLLATE=utf8_unicode_ci;
/*!40101 SET character_set_client = @saved_cs_client */;

--
-- Dumping data for table `migrations`
--

LOCK TABLES `migrations` WRITE;
/*!40000 ALTER TABLE `migrations` DISABLE KEYS */;
INSERT INTO `migrations` VALUES (1,'2014_10_12_000000_create_users_table',1),(2,'2014_10_12_100000_create_password_resets_table',1),(3,'2019_08_19_000000_create_failed_jobs_table',1),(4,'2019_12_14_000001_create_personal_access_tokens_table',1),(5,'2022_04_27_131324_create_companies_table',1),(6,'2022_04_27_132705_create_menus_table',1),(7,'2022_04_27_144850_create_roles_table',1),(8,'2022_04_27_144858_create_rolemenus_table',1),(9,'2022_04_27_144918_create_syslogs_table',1),(10,'2022_04_27_144928_create_docs_table',1),(11,'2022_04_27_160110_create_mscoas_table',1);
/*!40000 ALTER TABLE `migrations` ENABLE KEYS */;
UNLOCK TABLES;

--
-- Table structure for table `msbendahara`
--

DROP TABLE IF EXISTS `msbendahara`;
/*!40101 SET @saved_cs_client     = @@character_set_client */;
/*!50503 SET character_set_client = utf8mb4 */;
CREATE TABLE `msbendahara` (
  `bendId` int NOT NULL AUTO_INCREMENT,
  `compId` int NOT NULL,
  `bendNama` varchar(45) DEFAULT NULL,
  `created_at` datetime DEFAULT NULL,
  `updated_at` datetime DEFAULT NULL,
  PRIMARY KEY (`bendId`)
) ENGINE=InnoDB AUTO_INCREMENT=3 DEFAULT CHARSET=utf8mb4 COLLATE=utf8mb4_0900_ai_ci;
/*!40101 SET character_set_client = @saved_cs_client */;

--
-- Dumping data for table `msbendahara`
--

LOCK TABLES `msbendahara` WRITE;
/*!40000 ALTER TABLE `msbendahara` DISABLE KEYS */;
INSERT INTO `msbendahara` VALUES (1,2,'Opan','2022-06-19 21:14:58','2022-06-19 21:14:58'),(2,2,'Lupus','2022-06-19 21:15:04','2022-06-19 21:15:04');
/*!40000 ALTER TABLE `msbendahara` ENABLE KEYS */;
UNLOCK TABLES;

--
-- Table structure for table `mscoa`
--

DROP TABLE IF EXISTS `mscoa`;
/*!40101 SET @saved_cs_client     = @@character_set_client */;
/*!50503 SET character_set_client = utf8mb4 */;
CREATE TABLE `mscoa` (
  `coaId` int unsigned NOT NULL AUTO_INCREMENT,
  `compId` int NOT NULL,
  `coaKode` varchar(100) COLLATE utf8_unicode_ci NOT NULL,
  `coaNama` varchar(100) COLLATE utf8_unicode_ci NOT NULL,
  `created_at` timestamp NULL DEFAULT NULL,
  `updated_at` timestamp NULL DEFAULT NULL,
  PRIMARY KEY (`coaId`)
) ENGINE=InnoDB AUTO_INCREMENT=23 DEFAULT CHARSET=utf8mb3 COLLATE=utf8_unicode_ci;
/*!40101 SET character_set_client = @saved_cs_client */;

--
-- Dumping data for table `mscoa`
--

LOCK TABLES `mscoa` WRITE;
/*!40000 ALTER TABLE `mscoa` DISABLE KEYS */;
INSERT INTO `mscoa` VALUES (1,1,'111','Aset Lancar',NULL,NULL),(2,1,'121','Aset Tetap',NULL,NULL),(3,1,'201','Kewajiban',NULL,NULL),(4,1,'301','Hutang',NULL,NULL),(5,1,'401','Pendapatan Langganan',NULL,NULL),(6,2,'101','Aset Lancar (KAS)','2022-06-19 13:24:37','2022-06-19 13:24:37'),(7,2,'102','Aset Tetap (Peralatan)','2022-06-19 13:24:53','2022-06-19 13:24:53'),(8,2,'201','Utang','2022-06-19 13:25:05','2022-06-19 13:25:05'),(9,2,'301','Kewajiban','2022-06-19 13:25:14','2022-06-19 13:25:14'),(10,2,'401','Pendapatan Pemasangan Baru (Biaya Pasang)','2022-06-19 13:26:01','2022-06-19 13:26:01'),(11,2,'402','Pendapatan Langganan Bulanan','2022-06-19 13:26:16','2022-06-19 13:26:16'),(12,2,'403','Pendapatan Voucher','2022-06-19 13:26:28','2022-06-19 13:26:28'),(13,2,'404','Pendapatan Lainnya','2022-06-19 13:26:40','2022-06-19 13:26:40'),(14,2,'501','Pengeluaran Biaya Pegawai Bulanan','2022-06-19 13:27:05','2022-06-19 13:27:05'),(15,2,'502','Pengeluaran Operasional (Listrik, Transportasi, dll)','2022-06-19 13:27:27','2022-06-19 13:31:19'),(16,2,'503','Pengeluaran Ongkos Pasang','2022-06-19 13:28:06','2022-06-19 13:28:06'),(17,2,'504','Pengeluaran Pembelian Modem','2022-06-19 13:28:18','2022-06-19 13:28:18'),(18,2,'505','Pengeluaran Pembelian Kabel','2022-06-19 13:28:32','2022-06-19 13:28:32'),(19,2,'506','Pengeluaran Pembelian Konektor & Peralatan Kecil','2022-06-19 13:29:29','2022-06-19 13:29:29'),(20,2,'507','Pengeluaran Pembelian Bahan Habis Pakai','2022-06-19 13:29:51','2022-06-19 13:29:51'),(21,2,'601','Pembiayaan Pengeluaran (penyertaan modal ke unit usaha lain)','2022-06-19 13:30:20','2022-06-19 13:30:20'),(22,2,'602','Pembiayaan Penerimaan (penambahan modal & investasi)','2022-06-19 13:30:43','2022-06-19 13:30:43');
/*!40000 ALTER TABLE `mscoa` ENABLE KEYS */;
UNLOCK TABLES;

--
-- Table structure for table `mscompany`
--

DROP TABLE IF EXISTS `mscompany`;
/*!40101 SET @saved_cs_client     = @@character_set_client */;
/*!50503 SET character_set_client = utf8mb4 */;
CREATE TABLE `mscompany` (
  `compId` int unsigned NOT NULL AUTO_INCREMENT,
  `compLogo` longtext COLLATE utf8_unicode_ci NOT NULL,
  `compNama` varchar(100) COLLATE utf8_unicode_ci NOT NULL,
  `compPemilik` varchar(100) COLLATE utf8_unicode_ci NOT NULL,
  `created_at` timestamp NULL DEFAULT NULL,
  `updated_at` timestamp NULL DEFAULT NULL,
  PRIMARY KEY (`compId`)
) ENGINE=InnoDB AUTO_INCREMENT=3 DEFAULT CHARSET=utf8mb3 COLLATE=utf8_unicode_ci;
/*!40101 SET character_set_client = @saved_cs_client */;

--
-- Dumping data for table `mscompany`
--

LOCK TABLES `mscompany` WRITE;
/*!40000 ALTER TABLE `mscompany` DISABLE KEYS */;
INSERT INTO `mscompany` VALUES (2,'data:image/png;base64, /9j/4AAQSkZJRgABAQEBLAEsAAD/4QBxRXhpZgAASUkqAAgAAAABAA4BAgBPAAAAGgAAAAAAAABFIGxldHRlciBsb2dvIHdpdGggU2xhc2ggY29uY2VwdC4gSW5pdGlhbCBtb25vZ3JhbSBsZXR0ZXIgRSBsb2dvIGRlc2lnbiBWZWN0b3Iu/+EFdmh0dHA6Ly9ucy5hZG9iZS5jb20veGFwLzEuMC8APD94cGFja2V0IGJlZ2luPSLvu78iIGlkPSJXNU0wTXBDZWhpSHpyZVN6TlRjemtjOWQiPz4KPHg6eG1wbWV0YSB4bWxuczp4PSJhZG9iZTpuczptZXRhLyI+Cgk8cmRmOlJERiB4bWxuczpyZGY9Imh0dHA6Ly93d3cudzMub3JnLzE5OTkvMDIvMjItcmRmLXN5bnRheC1ucyMiPgoJCTxyZGY6RGVzY3JpcHRpb24gcmRmOmFib3V0PSIiIHhtbG5zOnBob3Rvc2hvcD0iaHR0cDovL25zLmFkb2JlLmNvbS9waG90b3Nob3AvMS4wLyIgeG1sbnM6SXB0YzR4bXBDb3JlPSJodHRwOi8vaXB0Yy5vcmcvc3RkL0lwdGM0eG1wQ29yZS8xLjAveG1sbnMvIiAgIHhtbG5zOkdldHR5SW1hZ2VzR0lGVD0iaHR0cDovL3htcC5nZXR0eWltYWdlcy5jb20vZ2lmdC8xLjAvIiB4bWxuczpkYz0iaHR0cDovL3B1cmwub3JnL2RjL2VsZW1lbnRzLzEuMS8iIHhtbG5zOnBsdXM9Imh0dHA6Ly9ucy51c2VwbHVzLm9yZy9sZGYveG1wLzEuMC8iICB4bWxuczppcHRjRXh0PSJodHRwOi8vaXB0Yy5vcmcvc3RkL0lwdGM0eG1wRXh0LzIwMDgtMDItMjkvIiB4bWxuczp4bXBSaWdodHM9Imh0dHA6Ly9ucy5hZG9iZS5jb20veGFwLzEuMC9yaWdodHMvIiBwaG90b3Nob3A6Q3JlZGl0PSJHZXR0eSBJbWFnZXMvaVN0b2NrcGhvdG8iIEdldHR5SW1hZ2VzR0lGVDpBc3NldElEPSIxMzMwODEwMTYyIiB4bXBSaWdodHM6V2ViU3RhdGVtZW50PSJodHRwczovL3d3dy5pc3RvY2twaG90by5jb20vbGVnYWwvbGljZW5zZS1hZ3JlZW1lbnQ/dXRtX21lZGl1bT1vcmdhbmljJmFtcDt1dG1fc291cmNlPWdvb2dsZSZhbXA7dXRtX2NhbXBhaWduPWlwdGN1cmwiID4KPGRjOmNyZWF0b3I+PHJkZjpTZXE+PHJkZjpsaT5NZCBBYmR1bCBNYW5uYW48L3JkZjpsaT48L3JkZjpTZXE+PC9kYzpjcmVhdG9yPjxkYzpkZXNjcmlwdGlvbj48cmRmOkFsdD48cmRmOmxpIHhtbDpsYW5nPSJ4LWRlZmF1bHQiPkUgbGV0dGVyIGxvZ28gd2l0aCBTbGFzaCBjb25jZXB0LiBJbml0aWFsIG1vbm9ncmFtIGxldHRlciBFIGxvZ28gZGVzaWduIFZlY3Rvci48L3JkZjpsaT48L3JkZjpBbHQ+PC9kYzpkZXNjcmlwdGlvbj4KPHBsdXM6TGljZW5zb3I+PHJkZjpTZXE+PHJkZjpsaSByZGY6cGFyc2VUeXBlPSdSZXNvdXJjZSc+PHBsdXM6TGljZW5zb3JVUkw+aHR0cHM6Ly93d3cuaXN0b2NrcGhvdG8uY29tL3Bob3RvL2xpY2Vuc2UtZ20xMzMwODEwMTYyLT91dG1fbWVkaXVtPW9yZ2FuaWMmYW1wO3V0bV9zb3VyY2U9Z29vZ2xlJmFtcDt1dG1fY2FtcGFpZ249aXB0Y3VybDwvcGx1czpMaWNlbnNvclVSTD48L3JkZjpsaT48L3JkZjpTZXE+PC9wbHVzOkxpY2Vuc29yPgoJCTwvcmRmOkRlc2NyaXB0aW9uPgoJPC9yZGY6UkRGPgo8L3g6eG1wbWV0YT4KPD94cGFja2V0IGVuZD0idyI/Pgr/7QCiUGhvdG9zaG9wIDMuMAA4QklNBAQAAAAAAIUcAlAAD01kIEFiZHVsIE1hbm5hbhwCeABPRSBsZXR0ZXIgbG9nbyB3aXRoIFNsYXNoIGNvbmNlcHQuIEluaXRpYWwgbW9ub2dyYW0gbGV0dGVyIEUgbG9nbyBkZXNpZ24gVmVjdG9yLhwCbgAYR2V0dHkgSW1hZ2VzL2lTdG9ja3Bob3RvAP/bAEMACgcHCAcGCggICAsKCgsOGBAODQ0OHRUWERgjHyUkIh8iISYrNy8mKTQpISIwQTE0OTs+Pj4lLkRJQzxINz0+O//bAEMBCgsLDg0OHBAQHDsoIig7Ozs7Ozs7Ozs7Ozs7Ozs7Ozs7Ozs7Ozs7Ozs7Ozs7Ozs7Ozs7Ozs7Ozs7Ozs7Ozs7O//CABEIAeoCZAMBEQACEQEDEQH/xAAaAAEAAwEBAQAAAAAAAAAAAAAABAUGAwEC/8QAGQEBAAMBAQAAAAAAAAAAAAAAAAMEBQIB/9oADAMBAAIQAxAAAAHZgAAAAAAAAAAAAAAAAAAAAAAAAAAAAAAAAAAAAAAAAAAAAAAAAAAAAAAAAAAAAAAAAAAAAAAAAAAAAAAAAAAAAAAAAAAAAAAAAAAAAAAAAAAAAAAAAAAAAAAAAAAAAAAAAAAAAAAAAAAAAAAAAAAAAAAAAAAAAAAAAAAAAAAAAAAAAAAAAAAAAAAAAAAAAAAAAAAAAAAAAAAAAAAAAAAAAAAAAAAAAAAAAAAAAAAAAAAAAAAAAAAAAAAAAAAAAAAAAAAAAAAAAAAAAAAAAAAAAAAAAAAAAAAAAAAAAAAAAAAAAAAAAAAAAAAAAAAAAAAAAAAAAAAAAAAAAAAAHI6gAAAAAAAAAAAAAAAAAAAAAAAAAAAAAAAAAAAA5lQXB9gAAAAAAAAAAAAAAAAAAAAAAAAAAAAAAAAAAAEIzZqzsAAAAAAAAAAAAAAAAAAAAAAAAAAAAAAAAAAADwozOGyJwAAAAAAAAAAAAAAAAAAAAAAAAAAAAAAAAAAAORlSqNMXwAAAAAAAAAAAAAAAAAAAAAAAAIscuVz9oAAAAAAAACznp39zNg++ZMjlgbM9AAAAAAAAAAAAAAAAAAAAAAAABT1r1BT0wAAAAAAAPr3nQXMy0sU8+Z08PTak4AAAAAAAAAAAAAAAAAAAAAAAAAzVHWrYLYAAAAAAAlSQaS9lfXcWUK0AuDWAAAAAAAAAAAAAAAAAAAAAAAAAHhjsze5c9gAAAAAA8t7NK+t5td75lDiADbk0AAAAAAAAAAAAAAAAAAAAAAAAAjRy5HO3AAAAAAB0940N3LsJ6ucKE8ABONsAAAAAAAAAAAAAAAAAAAAAAAAACorXc/T1AAAAAAJktfSXcr57jyZAAABoTRgAAAAAAAAAAAAAAAAAAAAAAAAAzdHVrILgAAH17za2KYA79R3FmhU+s8TToAAC6JoAAAAAAAAAAAAAAAAAAAAAAAAB4Y7M3eXMgAAE6WtqdDHAHwZoGlPsAAAAAAAAAAAAAAAAAAAAAAAAAAAAAjcS5HN3AAABd2s68t54EMy5eluAAAAAAAAAAAAAAAAAAAAAAAAAAAAAAVNe7nqWoAAANToY06Wv4UpTGqJQAAAAAAAAAAAAAAAAAAAAAAAAAAAAAAM3R1ayC4AAB27j1+jh/PvmXPo059gAAAAAAAAAAAAAAAAAAAAAAAAAAAAAAGOzN3jzIAALGepormXF65yhel4AAAAAAAAAAAAAAAAAAAAAAAAAAAAAAACPxJkM3dAA998v7eZbWaVCZ42BYAAAAAAAAAAAAAAAAAAAAAAAAAAAAAAAAFVXuZ2lqgCR3DpL2V1khypVg+z0AAAAG2JQAAAAAAAAAAAAAAAAAAAAAAAAAAM5S1KuvdAtLFLQXMyD75kzgAAAAAAdzeHoAAAAAAAAAAAAAAAAAAAAAAAAAAMfm7nDiX6950NzMs7FPPGePAAAAAAAW5rQAAAAAAAAAAAAAAAAAAAAAAAAAAcOJMfm7sqSDSXsr3uLKFcAAAAAAADUF4AAAAAAAAAAAAAAAAAAAAAAAAAACqr3Ikc99bzaz3zKnIAAAAAAAA3BMAAAAAAAAAAAAAAAAAAAAAAAAAABy56++uc2UR4AAAAAAAAdjenoAAAAAAAAAAAAAAAAAAAAAAAAAAIpkyCAACYaAAAAAAHYsgAAAAAAAAAAAAAAAAAAAAAAAAAAU5lzmAAAaA0gAAAAAAAAAAAAAAAAAAAAAAAAAAAAAAAB8GYKUAAAA2BaAAAAAAAAAAAAAAAAAAAAAAAAAAAAAAAAhGTIgAAAB6b86AAAAAAAAAAAAAAAAAAAAAAAAAAAAAAA8KQzR3OhBAAABPNqAAAAAAAAAAAAAAAAAAAAAAAAAAAAAADkZs6FyTCMYQAAAF+aUAAAAAAA88e+gAAAAAAAAAAAAAAAAAAAAAIxCLI6AFMZQAAAGwLQAAAAAAEWObn51OlrgAAAAAAAAAAAAAAAAAAAADw8PoAAyxSAAAA1x0AAAAB9E8FTWu1sFvUaGP6AAAAAAAAAAAAAAAAAAAAAAAAAYUigAAAAAAAAkmsJfPWdp6ldBb1F/GnzVwAAAAAAAAAAAAAAAAAAAAAAAAI5hDwAAAAAAAAtzUkaKfN0dbjzJI7h12liegAAAAAAAAAAAAAAAAAAAAAAAAFOZMAAAAAAAH2aYuilq6FJU0PHoubNC+uZoAAAAAAAAAAAAAAAAAAAAAAAAAyxSAAAAAAAEw1h257zlHVgxWQBpr+PYzVgAAAAAAAAAAAAAAAAAAAAAAAABhiIAAAAAAC8NKQobOcpavPnsAevNlqYPT3kAAAAAAAAAAAAAAAAAAAAAAAADgYM8AAAAAB1NSWnntFU0aetePQAJckGs0cUAAAAAAAAAAAAAAAAAAAAAAAAAciCAAAACOZYsDVnvEmbo6wtbFKR3GAB16jlSRAAAAAAAAAAAAAAAAAAAAAAAAAAAAAAAZc6GiK2vbq4LlzZoT5q4AAAAAAAAAAAAAAAAAAAAAAAAAAAAAAAAAApjuT/AD2mq35MkVlPU9AAAAAAAAAAAAAAAAAAAAAAAAAAAAAAAAAABDOxzjliRz2U9T798AAAAAAAAAAAAAAAAAAAAAAAAAAAAAAAAAAA+T0iRT/fXMnuIAAAAAAAAAAAAAAAAAAAAAAAAAAAAAAAAAAAD5894899+o/fQAAAAAAAAAAAAAAAAAAAAAAAAAAAAAAAAAAAHnjx79e+AAAAAAAAAAAAAAAAAAAAAAAAAAAAAAAAAAAAAAAAAAAAAAAAAAAAAAAAAAAAAAAAAAAAAAAAAAAAAAAAAAAAAAAAAAAAAAAAAAAAAAAAAAAAAAAAAAAAAAAAAAAAAAAAAAAAAAAAAAAAAAAAAAAAAAAAAAAAAAAAAAAAAAAAAAAAAAAAAAAAAAAAAAAAAAAAAAAAAAAAAAAAAAAAAAAAAAAAAAAAAAAAAAAAAAAAAAAAAAAAAAAAAAAAAAAAAAAAAAAAAAAAAAAAAAAAAAAAAAAAAAAAAAAAAAAAAAAAAAAAAAAAAAAAAAAAAAAAAAAAAAAAAAAAAAAAAAAAAAAAAAAAAAAAAAAAAAAAAAAAAAAAAAAAAAf/xAAoEAACAgECBQUBAQEBAAAAAAACAwEEAAUSERQVIFAQEzBAYCIxkCH/2gAIAQEAAQUC/wCUInBT+KMxAYad0xGBH8TYtLrxudfepYqX+JtahAZ/TDq14rr/ABDGCobN4nemnVtseSsHsRuLNxZuLNxZuLNxZuLNxZuLNxZuLNxZuLNxZuLNxZuLNxZuLK9ZjMiIGLNsK8OcbyynX993k9QLgv6IjJzXpwGf5lrUcmeM+lRHsJ8neLc/6Ca5ulKATDWgkbNw39mnI9x3lGFvZ89elJZEQMWboIxjTcXZVV7NfydgtiPmACYVeoKsmYiLWoce6mv3bPlNQLgv5UVjdilAoXPBA2LZ2J7tLD/3yl8uL++I3F0486cedOPOnHiqEQXDhlq8KcgH2zjTHTnS2Z0tmdLZnS2Z0tmdLZlVHLp8o0t7e+mO6z2EUANrUJPKunyeCMDHm3lsR8GnD2PsrrixrrjKtEU+e1AuCvgpjtrelrUIXikNtsRXBA+evlxf3qUbSiNomYrG1fJuVaEswRgB8+0t7e6vUJuAArGxaCvDXNtMq0IX+BeWxPbESU16UD6WtQgc/ph1qgV4/A3y4J7EoN0prgmGNBQ2bpv9d5ZvLN5ZvLN5ZvLN5ZvLN5ZvLN5ZXHZX8tfLi71r05ZgjARZuBXxrjcXypD3HeXcW92CMmVenC848Itajn+/PpobrPlnFsTia5ulSQSLXAkbNw7E/Q0sOCvLXy4Jr0pLIiBizeBGMYbS+jVD263lpASKZgYtahJfTUHuN8u+wtA2LTLE91VPvv6YjOmIzpiM6YjOmIzpiM6YjOmIzpiM6YjOmIzpiMVRSpnlrV8VYZkwu/Sw/r8CRCA2r5M+LTw2VfwFiyuvD7DLBfDEcZAdgeftahAYRSRBWczDpvWPwUw32vPGwVC6063KtMKcXVSr0sFsr/BpYf151jducnLiEBCPXUz4V/g08NtX5nWATCN7PHRER3amfF/wBdrAvn62c/Wzn62c/Wzn62c/Wzn62c/Wzn62c/WyL1eZ9LF2ByuubD/KWT9yx9JKDeVeoFeDMVjYtk30qK9tPk3H7afpVaBNwAFYvsgnGtNpYhfuO8pqR7a/0BEjKrp8L9LF3JnjPpp4/wBeU1Q+LvnRWZYJFZdcWMFQvtE7tpDtr+Usn7ln5qunyeCMAL7Ypw2Ewuz/AHAHaHk3H7aflBZNKrRFOTMRFi7x76o77HlGLFodPrZ0+tnT62dPrZ0+tnT62dPrZ0+tnT62dPrY+lXBGVqh2JSgEC1wJF9g3Suq1uBp4RnJIzkkZySM5JGckjF11qLz9+z7pVdOyIiIsXBXgIdZJVRavw9l5sKtTBGEUDBvbZlNIF/iD3txagULXirIQx8iMDH4eY4+ksJmLSK/xUzwzbLM/wA/F8P+c3//xAAtEQACAQMDAgUDBAMAAAAAAAABAgMABBESIWAUMRAgMFBRIkBBE3GQkTJCoP/aAAgBAwEBPwH/AIBYV1SAVpFaRWkVpFaRWkVpFaRWkVpFaRWkVpFaRWkVpFaRWkVpFTTomy96Jycn3izX6ifsiwUZNTXJbZe3vVouI8/YyzLGN6klaQ7+9oulQPsJroDZKJJ3PvcK6pAPXZgoyamuS+w7e+2a/UT60s6x/vUkjSHJ9+tFxHn0CcDNdavxXWr8V1q/FdavxUl5kfTXf3+NdKgehctiM8EhXU4Ho3rdl4JZrl8+jctmQ8EtFwmfQkkWMZNE5OeCRrpQDzzXITYd6ZixyeCRLqcDzEgbmpronZODWa5fPlklWMb1LM0nfg9muEz5JrkLsveixY5PCIl0oB4MwUZNTXJbZe3CYl1OB4SzLH3qSVpDvwqzXL5qa6xslEk7nhYcgYH8GMULSHapdK/QvC4bUtu9TOIk24UqljgVDbBNz38LmTW/CYoGk/ao41jGB4TPoQnhMNr+Xrt43rbBeDojOcCobdY9/wA+W6bMnBobdpNz2pEVBgeZjqOeCAZ7VDa43fz3DaYzwSOJpDgVFCsdPOiU143+orqpfmuql+a6qX5rqpfmuql+aeZ3GG4HDbF927U0scIwKkuHfhIBY4FJEkI1SVLdM2y7cKjiL/tX6qRDEf8AdFixyeFBAu7/ANU8pfb8cKAzWoL/AI8Mz/HN/8QAKREAAgIBAwEIAwEBAAAAAAAAAQIAEQMhMWAgBBASEyIwUFEUQEGQoP/aAAgBAgEBPwH/AIBchpTLMsyzLMsyzLMsyzLMsyzLMsyzLMsyzLMx42bUwCvmO0HSv0gL2mPDWp+azm2/RTGXiIF2+bY2b/Qx4b1aAV83kNKffAJ0Ex4gup+d7QdK95MZaKoXb57OfV7A1n45+5+Ofufjn7n45+4uD74Axs37GEW/BHNKfZ7ONzwTtB9NezhFJwTOfV7CoWOkGnBHNtfXjxFtTAANBwRzSk9QFzHhrVuDZz6a6UQttExhOD5z6q6MeG9TAK24Q5tr7gCdpjwganhLmlvuTGXiIF24VnPpqY8N6tNuF+EE3/hi+QLEs+o8LyZq0WY18ba8KJA1MyZS2g7sS+FeEvkCxnLb92NfE1cJyZv4vR2ca3wdmC7x8pbpwik4NkyhYzFtT1AUK4LkzfxevELfgjOF3j5C8XEzQdnH9nkpPJSeSk8lJ5KRcartwPJmC6CBHyaxcSrwkmt4XZ9FiYQN+FM4WeBn1eAVtwosTosVAOFXKvf/AEy//8QANhAAAQIDAwkIAgICAwAAAAAAAQACERJRAyEyECAiMDFQYZGhM0BBQlJggbETkgRxYpAU0fH/2gAIAQEABj8C/wBUOjeB4+y5nGAUtnFlkNpqg1ogB7KvvdRBv/gQY3YPZUljefUvFzioeY7T7JmeYBSt0WfeT8zhecO83ngsRWIrEViKxFYisRWIrEViKxFYisRWIrEViKxFYisRUz3EN+1AKG19FM85L8I270a2p7lBoiVNaXuySWP7KJyhvmN53pD0juN2yqg3mpnmChhZTMnOxm9XOqe4TWtwooAQClGk+imeYnNa3x2nejzw18rREqZ2k5RJgFJY7PVnNHgL96tbU66jaqDQovPwr7m0z3v+N6w9I1AFVjCxhYwsYUbQx4KAUrNJ/wBKaBcaq9zQu0au0au0au0au0au0apIxMd6udU6hvC/NmcYBSWVza1U9tc2lVBogN+PPDUvf8Zmkb/AKHJoUz9J/wBb+DanUt435ZLLSdWijzcVBg/s7/l9I1EGhAUUzzAKWz0Wfantbm0qpWiA9gOdU58ztFqlaIBX3uor76AKe1vdSnsFzuGdACJU1reaZJLG8+pVc4qr/E+wg2pzYN5q7bVTPMApW6LPvLiPNYjzWI81iPNYjzWI81iPNYjzWI81iPNYjzTAdsN7hvpGZNaXNUGiAUMT6KZ51zGVO+HO45INESpn3u+lEqSw/buE3pG93O4ZLrhVQaPlTPKhhZTuLn1O9w31FTWtwooAQClbpP8ApTPMT3JjeG9w4iJGxRJgFJY3D1dzayp3xF5/oK+5tM8MOzxXm5rzc15ua83NebmvNzXm5rzc15ua83NebmvNzQe2aIrveWz0n/SmcYnUPf8AHsKZxgFJZaLa11Q/yv8AYOlefAKLjd4DVQTW0HsCSxvdVRcYlaNmVMWXalgpfv8AmeYBfjsWmXgo2rocAtFgjU5Hu4al76Xb+lY2d9Ap/wCS+b/EbAoNAA4Zgb6jqQfVfr79tF+W08cIpu67Oaz0jUtb+TYKLtOi7Tou06LtOi7Tou06LtOi7Tou06LtOigHxP8AWWWzvNVpXjad6vdx7nBg+Vde6qmcYBSt0W5BV1+9HuoO5zP0WfalYIBVdRRccjW71l9R7jK0RKntdJ1KZJbL9lE5XP8AjerWekdw0dniVoi/xKi4qGxtM0cb96vdx189rc2ilaIBQF7lM4xzg2g3o99BrpWCJUz9J/0olS2Wyue3nvUsdsKwdVg6rB1WDqsHVYOqwdVg6rB1WDqnuAhAVyUbVSsHyouPwr7m0VzYCpWm4lYeqw9Vh6rD1WHqpmNv9gfhs9g28VPbfqoBSsvd9KY8ytkxqfY//H/j3nzGiidJ9VFxgFJYCDaqL9I+yJLMyt8X/wDSlYIKrjsaFNbmA8GBQaID2VLY/uo7XeLj7L07m+n2ZHx/1zf/xAArEAABAgMFCAMBAQAAAAAAAAABABEhMUFQUWFx8RAgMGCBkaHwQLHRwZD/2gAIAQEAAT8h/wAoSsUA0PyWRBimSi/rF4EDAAwA5KiG5IZpwCwuElBRbyclOhBXoCx49SVXaNyTEook9v3Fc2zJcLhfad9sA6rWFrC1hawtYWsLWFrC1hawtYWsLWFrC1hawtYWsLWEyXLPFBkbALoxD/VFpuFBsYgFf8oAAMIAWnnidvhAphKBM7V1QIkA5LAJhyua/lEMQkmZOwAksJlAOD7G1MNsfBhO1ZyTDI1KZUHtS8o+RyFc9yAdbM2rjqH4DC9RrKGRgSAQks9gM0Yn/RuvwI+7al6sA44QURMjPhCIggTJRXlaqo5Ily53X3mO6WrmrduMVfONQVrzUrp+BMpqE3Id+M6ABauD2OAcDMmC0NaGtDWhplERQgAADAUCdm/AhyFWKQQ7yRWkFaQVpBWkFaQVpBUYAQiSLVxaOBgzdiQAEyU5u1q0Y3KVaA4gJAW525cH6RuPB4pMyh8QT0ATM34LeerzcHFm2cmKtCGxks60zypM2+zUcAirXmgQwMgZFooqlOb3kRrcp1ICAAkByB0+N9kd8pQQEBR6fkKAIyJwSbBilTyCweg3hk4kgEwtUaQoAXBOhRUoGSDMOWByZlPGd6jkL3CbdYZCpSChO5zOaMx/sT45cVzcZSlKUpSlKUdzTS99t+DM9dVKDRAUCDNwBpmo3ZoKDjYSINsY9QbBwwlAmZm6ohAhAAJkqYTP8okkSS5NTx8AGP8ALXw6g2QmvTU9CpTKh93CpXQgH+/ByGu1rthNDI9QrKGAgSATwzcUzIrNJ8K+aI9Y2vfliojkYEyU6kNWo5fDwmgpBrXmOGRMqKbEhlvgdj3LFiqxVYqsVWKrFViqxVYqsVWKrFU6kkOtdwavKIQlmqeA+XQAOQjoMUyU6uVauEddSPIJ0k7JmVJCSZDhEAEyWQwshDkByYrUhExhJkqMGi9mCLYNNiC3Bu8J3S3zUUV6MQt2Y5psZ80r7vA7BmqHwXzaGfAJAmbOduOxZmiEVCkNGE+g3LyfCODf4R455m9IzKC8siFmzQVgbeuo8p4IsyQnXsNew17DXsNew17DXsNew17DXsNARRJAHtcW6tIT0Mgimtq3DGHL4fX8KQT0B+ZooCAnR3ynY9iKy1MZVvhsb/kQfFFQIK2UKirXCg2XWO5ytVpqb6fBGCySATExQoQkAOYAJlz5/hEIRyana/dgy1cyHqfgNgGGbIJoPFNmVBmH2jTP7s919VM2quygGQ47G7SrKBAASAT1l92ajZPrdAJACZQBVAWpiBkcYVNNcmZrwIREAAmSivhVVnJT3mXQF3S1QAvODssT3rE96xPesT3rE96xPesT3rE96xPesT3o+U3gXT2OwY5/xQKb6ip4VAmVFS4FRjoAogRuEAsX3LF9yxfcsX3LF9ygwMab8gRwc0QqRCwWFP2gIAAEgE4seNIg2K2o8jkIwXLJB4zhTJE4gKlGJtRWjrchyQTvoJv0oTL7Qti+MBQWsgHEBQckABjJQAuCNFhqlIZXo8Yz4g8lDFzqj4wVzQABgGA5KL0QEGq9/nN//9oADAMBAAIAAwAAABAAAAAAAAAAAAAAAAAAAAAAAAAAAAAAAAAAAAAAAAAAAAAAAAAAAAAAAAAAAAAAAAAAAAAAAAAAAAAAAAAAAAAAAAAAAAAAAAAAAAAAAAAAAAAAAAAAAAAAAAAAAAAAAAAAAAAAAAAAAAAAAAAAAAAAAAAAAAAAAAAAAAAAAAAAAAAAAAAAAAAAAAAAAAAAAAAAAAAAAAAAAAAAAAAAAAAAAAAAAAAAAAAAAAAAAAAAAAAAAAAAAAAAAAAAAAAAAAAAAAAAAAAAAAAAAAAAAAAAAAAAAAAAAAAAAAAAAAAAAAAAAAAAAAAAAAAAAAAAAAAAAAAAAAAAAAAAAAAAAAAAAAAAAAAAAAAAAAAAAAAAAAAAAAAAAAAACCAAAAAAAAAAAAAAAAAAAAAAAAAAAAAAAAAAAAAAAAAAAAAAAAAAAAAAAAAAAAAAAAAAAAAAAAAASQAAAAAAAAAAAAAAAAAAAAAAAAAAAAAAAAAAAACQAAAAAAAAAAAAAAAAAAAAAAAAAcAAAAAAAABdCQQAAAAAAAAAAAAAAAAAAAAAAAACAAAAAAAACkSQQAAAAAAAAAAAAAAAAAAAAAAAAAAAAAAAAAAgSSAAAAAAAAAAAAAAAAAAAAAAAAAAQAAAAAAAEISSSAAAAAAAAAAAAAAAAAAAAAAAAABgAAAAAAPyCSSAAAAAAAAAAAAAAAAAAAAAAAAAAcAAAAAATASSSAAAAAAAAAAAAAAAAAAAAAAAAAABgAAAySJySSSSAAAAAAAAAAAAAAAAAAAAAAAAACcAAAMACAQAAAAAAAAAAAAAAAAAAAAAAAAAAAAAQAAADgCCAAAAAAAAAAAAAAAAAAAAAAAAAAAAAAAAAAAASAAAAAAAAAAAAAAAAAAAAAAAAAAAAAAAAYAAARACAAAAAAAAAAAAAAAAAAAAAAAAAAAAAAABAAAVCQAAAAAAAAAAAAAAAAAAAAAAAAAAAAAAACgACOSQAAAAAAAAAAAAAAAAAAAAAAAAAAAAAAAAEADyCSAAAAAQAAAAAAAAAAAAAAAAAAAAAAAAAACgC0SSSSSSSSAAAAAAAAAAAAAAAAAAAAAAAAAAAERASSSSSSSSAAAAAAAAAAAAAAAAAAAAAAAAAAAIWQSSSSSSSSAAAAAAAAAAAAAAAAAAAAAAAAAAADRSSSSSSSSSSAAAAAAAAAAAAAAAAAAAAAAAAAAAcASSSSSSSSQQAAAAAAAAAAAAAAAAAAAAAAAAAAACSSQSSSSSSQAAAAAAAAAAAAAAAAAAAAAAAAAAACSSSAAAAAAAAAAAAAAAAAAAAAAAAAAAAAAAAAASSSSSAAAAAAAAAAAAAAAAAAAAAAAAAAAAAAAASSSSSSAAAAAAAAAAAAAAAAAAAAAAAAAAAAAAACACSSSSAAAAAAAAAAAAAAAAAAAAAAAAAAAAAAACAQCSSSSAAAAAAABgAAAAAAAAAAAAAAAAAAAAAACAASSSSAAAAAAABQAAAAAAAAAAAAAAAAAAAAACAAACSSSSSSSSSCR6AAAAAAAAAAAAAAAAAAAAAAAAACSSSSSSSSSSKDgAAAAAAAAAAAAAAAAAAAAAAAACCSSSSSSSSQHDwAAAAAAAAAAAAAAAAAAAAAAAAACSSSSSSSSQxgIAAAAAAAAAAAAAAAAAAAAAAAAACSSSSSSSSS4ACgAAAAAAAAAAAAAAAAAAAAAAAAACSSSSSSQQwABwAAAAAAAAAAAAAAAAAAAAAAAAAQSSSSSSAbcAAIAAAAAAAAAAAAAAAAAAAAAAAAACSSSSSSCHZpJLgAAAAAAAAAAAAAAAAAAAAAAAAAAAAAAASe8AAAAAAAAAAAAAAAAAAAAAAAAAAAAAAAAAACC8QAAAAAAAAAAAAAAAAAAAAAAAAAAAAAAAAAACDmgAAAAAAAAAAAAAAAAAAAAAAAAAAAAAAAAAACTQAAAAAAAAAAAAAAAAAAAAAAAAAAAAAAAAAAAAKsAAAAAAAAAAAAAAAAAAAAAAAAAAAAAAAAAAAANAAAAAAAAAAAAAAAAAAAAAAAAAAAAAAAAAAAAAAAAAAAAAAAAAAAAAAAAAAAAAAAAAAAAAAAAAAAAAAAAAAAAAAAAAAAAAAAAAAAAAAAAAAAAAAAAAAAAAAAAAAAAAAAAAAAAAAAAAAAAAAAAAAAAAAAAAAAAAAAAAAAAAAAAAAAAAAAAAAAAAAAAAAAAAAAAAAAAAAAAAAAAAAAAAAAAAAAAAAAAAAAAAAAAAAAAAAAAAAAAAAAAAAAAAAAAAAAAAAAAAAAAAAAAAAAAAAAAAAAAAAAAAAAAAAAAAAAAAAAAAAAAAAAAAAAAAAAAAAAAAAAAAAAAAAAAAAAAAAAAAAAAAAAAAAAAAAAAAAAAAAAAAAAAAAD//xAAtEQABAgQDCAIBBQAAAAAAAAABABEhUWBhMUGxECAwUHGh0fBAgZGAkKDB4f/aAAgBAwEBPxD+AL1g0VkKyFZCshWQrIVkKyFZCshWQrIVkKyFZCshWQrIVkKCQPYEc2Jzh6RGvwngsE6w+4866gPwZiST4OEud2lHwHGMZoq45531i47+WCyN1c9elRrxhrYyJ0PPusDwBGLJXCuFcK4RGBYzRJJzz+wo4HW0KE6jcHUqEeJRrwehoUI8zHgOhRjFnQlqRv5m6E/lzQnWTeCuME4whOhnCUa7r4OMkRklQ7jOdNx1j9gTwXNEWBGxwLBOsLuNE3BOwLmMk8D+qKcTyCC+MZoi45oslMwOP65QCcKMkJNHZ8TM+BReQQlmm3CTAUU3lyszdGxxAwEKJMvhMmQ7Ji0QASWCdb8flAAGG1icjQ7aUAdGbxuvYlChskPWCYCw3SQA5RynmaEITA5QWY0vKw3nF9fmhGA/aGwiZqHkuZBHZHdegBegBegBegBegBP4cUGzQu4qXLIf2oY7CQolsDlOwcy9xWRjvRR9xAMScEWjc5kngOaKF/6vuWqFZAwAwoohMEJkZ+POiJJLmig2aJENl+3N/8QAKhEAAgEDAwQBAgcAAAAAAAAAAAERUWBhITFBECAwUECAsYGQkaCh0fD/2gAIAQIBAT8Q/YCy4zGYzGYzGYzGYzGYzGYzGYzGYzGYzGqLSEJC9xCtXwmNCCOa/daLT4LLTYTx7tN1fAbQCEhe7l3newHKD97CtXmfzshfHvk8aeBGySMIwjCMIWnLyJJKF7+b8CExYk+s1IUq8MJmxJ408EWCQSViS3e4QQtgsrhjQhNRY0aVdreAi03sedKOxnFQhISyJboYwhyK7Jluh1psJ4spElQ2goJJIVltA3H1ytxZiPXcX+NVLLTUDJ/xWUtkOEF0jJ3dkr43Y7nogLITBD9wbbcvrqrHJJY0nZdsY62Noq1Ywk7UpcERRYjaSljX9zvhlYiuQ612NaS0Fd0mIxGIxGIYSlh8gseS/U1zd2ShJYex6VNX1Oys46Cc4KCEhLK+4v8AtzUd3Wymi3G+Kn9iUaKy0ufy5v/EACwQAQABAgQDCAMBAQEAAAAAAAERACExQVFhcaHxMFCBkbHB0fAQIGBAkOH/2gAIAQEAAT8Q/wCUNzUQ/IHN10/iw/XKIKlOODsejSfTHSokBAsH8VM4hL7uOhvTejZ8YP3God4xzWa7v8SoErAVkVHE4ery41JpYPdlFHUEEWbobH8Tm8yc3QM2n8i2Vjdpt+IGy7h1D6ce82EYuG9nvXXddd113XXddd113XXddd113XXddd113XXddd113XXddd113XXdZ6nJT4jeo0DgKXJGLrDdZFLVLLsOgfhHSy+pl4vmgQAIAwDvOF27PgPl/wAT1VgCWo8Yox/O0hMCVWAKCPYEFj6zpIbSiVfwCBUgDNoTGI7svDDvS2mw8Td9T/DBoJtLPlq5Wz7jDanJMliugZ1KyLZr7lnww/STkxicMnyx8u9FAVYCmeyzhNuXbhLBUcMVgcXQ50OIYBAVbgdg+a9saeisNBoGR+mNHAgeIy8LHh3pHDEnEbHr2+VRQy3dCh8wRjyd96NoMogCpbsLB9hxxpERVZVz/UBswPa71g71jRvI4D5TtiZEWwx2NWhY9Tdd2rE66xdim8gX1uLq/vOViLjd9DvWGLYw3bvqdhejJxFiuqq6qrqquqqxX2BQXdouBoAgCtEzby2+rtSS05DYlscKkG1rPI/eyyyyyxSEB1lcOQd6LBLV5ZFHCbcuwvwmR+GHNP1OW8rgKk+q2BwtDnUBkXwONoc6H/8AA4Dvy+sIxbtjm9jiho3N9v0siK76JvQj1fXj8tCZ5lp4erv39DTed4D5TsbsIkfjhyj8ydwGL8zyp1tZiGxq7ViYTNLu+3f8ZNiJu3eUdgLXDFwd2iBgA4BFYyg05btXHKy4HvobVD7F4HxlHLeBwH8BfWRXgy5fuvmCMeTtvWVRQz3dWlxEL+7u6FSQhhmNge9Z1BxuJq8v4GFmFRbtjm/suAYBK1HDFYnF1eVLKUA8Cskw4vuHfDjRaFFyUYu0HAAunLQfwUdt75td6x+tisv3GO1QaCWl3DQoGKwnFaBm0zsnfMe34GGSupK6krqSupK6krqSupK6krqSupK6kpqkAqlld9e94xbDJu39I/SOGLMPxlFVWAKYoKXHmWXrStmUWHQMu2sxJwhN+U0EEHe915H8BY5B+MDOgVFvFmL5miwtKIApG2GEX1409ZEqSr28+iZJu2er3vdeF/E2Ob+MPS2ljhq1jxfuPSmZDk3XQKYTQbjHdZ+n+GXS8d2Hyve6YaJGoX9YqJGJwOJoc6CoMAgKIyTi+Y9qzybOAaBkf4pSIh41z173GwBMQlihrYo9QyqAKyClgeyN8eFKqqyuK/4kCMV4LflQAAgCA73wUbNcM96xkaX2bur+8U4EOEA+Yrof4rof4rof4rof4rof4rof4rof4rof4rof4rof4rof4rof4pHJOxS5Gm/e8vxWcTb6u1LOO6dhErHXFl9D+CM4cqgKlIi2B8R2UykLfODkH8DZZUr8zQ3q2U30N3fsgdkQNVrAZD4Ed/rBLhUrMBi8PV5caTa8qlWgxOwXMMFPHjlRjVB7GaifA13rHf8AjUyc2xq0pEWQs6rI2qFDrQ4HOjBQMjnOHh+ITGADmpBzexidYW3WX0PP/AbIBMX17udGctgbsIcaCODGItJxaLnWAA/SHmyE8R5x2MlELeGByO3uZxedA3ogslY8XxddO7UgkpOlRdlZYMXV/aMGZCaJPoHY2owuyRpW6+u1br67VuvrtW6+u1br67VuvrtW6+u1br67VuvrtW6+u1M0mEavlQyDcnWsCWp84LE4OryqVxZadh4+lAAAQGB3pHrKBbLHI/x3Jw0x7vtReALe/A0KzqKOexq1o4KT5u234t5cRJwPL170v7Czii3OKWWX/FcerhEFtob1giDDm6tM2ilxhu6FStwwbDsfiayX4FdoIIO9I1bBGy7zD/Cij4HK1BXE4vG1eVIkASrYCjuBwyD6zpMDpUlX8zkYabt30PPvWFm0g3PgP8F5PWfUdqsCL6WxtT8+UZrQM6fTzWDfiZ8P1lkhZwwOR3rFLKaeAcjtsWCoS4rB4+hzo5bwOAoiFp23G9qdrXCcBoGX6mVKAG9YT3lJ3oc5DxBFucUqsuL2uFTIybrkVY67jF7Yzd6Nu0ogCp4uFg+w40qlVVxX9pzJ8GXesd6pTiQKUM4nCvqPvX1H3r6j719R96+o+9fUfevqPvX1H3r6j719R96Yr2XbCFzYPwGJNsrOwzaLiljXXVaxNGs4JUPgm4txdWopS7LwzaOPrTZ19q96+1e9favevtXvX2r3pshri7PF2/gIVGenbNQ9akexJLvs4UAN4BAHCrY1ZceNq7U/YPe0PAz8LVLMPJmHYwP4dNS2dA5k5bvhjUKTlytsGXHGj6rKkFYKCNZTdyOdWYHey9sZ+NABAQH8O4jgBjvueQ3cARhuuKtVzaAbxBPYpGhMoiOL9eFYfFAg/iEOMxNaCEABwAoyIGC/+5yoEZqZ+I/ipO42AJVoGdOYshOaY8C3GjJgQAQH8UoWX3qYrlpehof85v/Z','Empang.NET','Haris Nauval','2022-06-19 02:34:33','2022-06-19 02:34:33');
/*!40000 ALTER TABLE `mscompany` ENABLE KEYS */;
UNLOCK TABLES;

--
-- Table structure for table `mspaket`
--

DROP TABLE IF EXISTS `mspaket`;
/*!40101 SET @saved_cs_client     = @@character_set_client */;
/*!50503 SET character_set_client = utf8mb4 */;
CREATE TABLE `mspaket` (
  `paketId` int NOT NULL AUTO_INCREMENT,
  `compId` int NOT NULL,
  `paketNama` varchar(100) DEFAULT NULL,
  `paketHarga` decimal(10,0) DEFAULT NULL,
  `created_at` datetime DEFAULT NULL,
  `updated_at` datetime DEFAULT NULL,
  PRIMARY KEY (`paketId`)
) ENGINE=InnoDB AUTO_INCREMENT=7 DEFAULT CHARSET=utf8mb4 COLLATE=utf8mb4_0900_ai_ci;
/*!40101 SET character_set_client = @saved_cs_client */;

--
-- Dumping data for table `mspaket`
--

LOCK TABLES `mspaket` WRITE;
/*!40000 ALTER TABLE `mspaket` DISABLE KEYS */;
INSERT INTO `mspaket` VALUES (1,2,'1 User / Bulan',70000,'2022-06-19 20:33:31','2022-06-19 20:33:31'),(2,2,'2 User / Bulan',140000,'2022-06-19 20:41:41','2022-06-19 20:41:41'),(3,2,'3 User / Bulan',180000,'2022-06-19 20:41:59','2022-06-19 20:41:59'),(4,2,'4 User / Bulan',200000,'2022-06-19 20:42:11','2022-06-19 20:42:11'),(5,2,'5 User / Bulan',230000,'2022-06-19 20:42:32','2022-06-19 20:42:32'),(6,2,'6 User / Bulan',250000,'2022-06-19 20:42:47','2022-06-19 20:42:47');
/*!40000 ALTER TABLE `mspaket` ENABLE KEYS */;
UNLOCK TABLES;

--
-- Table structure for table `mspelanggan`
--

DROP TABLE IF EXISTS `mspelanggan`;
/*!40101 SET @saved_cs_client     = @@character_set_client */;
/*!50503 SET character_set_client = utf8mb4 */;
CREATE TABLE `mspelanggan` (
  `pelId` int NOT NULL AUTO_INCREMENT,
  `compId` int DEFAULT NULL,
  `pelNama` varchar(100) DEFAULT NULL,
  `pelUserId` varchar(100) DEFAULT NULL,
  `pelAlamat` varchar(100) DEFAULT NULL,
  `pelNoHp` varchar(45) DEFAULT NULL,
  `pelPeriodeBayar` int DEFAULT NULL,
  `pelPaket` int DEFAULT NULL,
  `pelAktif` int DEFAULT NULL,
  `created_at` datetime DEFAULT NULL,
  `updated_at` datetime DEFAULT NULL,
  PRIMARY KEY (`pelId`)
) ENGINE=InnoDB AUTO_INCREMENT=3 DEFAULT CHARSET=utf8mb4 COLLATE=utf8mb4_0900_ai_ci;
/*!40101 SET character_set_client = @saved_cs_client */;

--
-- Dumping data for table `mspelanggan`
--

LOCK TABLES `mspelanggan` WRITE;
/*!40000 ALTER TABLE `mspelanggan` DISABLE KEYS */;
INSERT INTO `mspelanggan` VALUES (1,2,'Nani','nura','Empang','085238474343',2,4,2,'2022-06-19 22:43:40','2022-06-19 22:43:40'),(2,2,'Abidatul','abidatul','Jotang','082340679856',1,1,1,'2022-06-19 22:56:20','2022-06-19 22:56:20');
/*!40000 ALTER TABLE `mspelanggan` ENABLE KEYS */;
UNLOCK TABLES;

--
-- Table structure for table `msperiode`
--

DROP TABLE IF EXISTS `msperiode`;
/*!40101 SET @saved_cs_client     = @@character_set_client */;
/*!50503 SET character_set_client = utf8mb4 */;
CREATE TABLE `msperiode` (
  `periodId` int NOT NULL AUTO_INCREMENT,
  `compId` int DEFAULT NULL,
  `periodNama` varchar(100) DEFAULT NULL,
  `created_at` datetime DEFAULT NULL,
  `updated_at` varchar(45) DEFAULT NULL,
  PRIMARY KEY (`periodId`)
) ENGINE=InnoDB AUTO_INCREMENT=3 DEFAULT CHARSET=utf8mb4 COLLATE=utf8mb4_0900_ai_ci;
/*!40101 SET character_set_client = @saved_cs_client */;

--
-- Dumping data for table `msperiode`
--

LOCK TABLES `msperiode` WRITE;
/*!40000 ALTER TABLE `msperiode` DISABLE KEYS */;
INSERT INTO `msperiode` VALUES (1,2,'Tanggal 10','2022-06-19 21:10:58','2022-06-19 21:10:58'),(2,2,'Tanggal 25','2022-06-19 21:11:07','2022-06-19 21:11:07');
/*!40000 ALTER TABLE `msperiode` ENABLE KEYS */;
UNLOCK TABLES;

--
-- Table structure for table `msstatus`
--

DROP TABLE IF EXISTS `msstatus`;
/*!40101 SET @saved_cs_client     = @@character_set_client */;
/*!50503 SET character_set_client = utf8mb4 */;
CREATE TABLE `msstatus` (
  `statId` int NOT NULL AUTO_INCREMENT,
  `compId` int DEFAULT NULL,
  `statNama` varchar(45) DEFAULT NULL,
  `created_at` datetime DEFAULT NULL,
  `updated_at` datetime DEFAULT NULL,
  PRIMARY KEY (`statId`)
) ENGINE=InnoDB AUTO_INCREMENT=4 DEFAULT CHARSET=utf8mb4 COLLATE=utf8mb4_0900_ai_ci;
/*!40101 SET character_set_client = @saved_cs_client */;

--
-- Dumping data for table `msstatus`
--

LOCK TABLES `msstatus` WRITE;
/*!40000 ALTER TABLE `msstatus` DISABLE KEYS */;
INSERT INTO `msstatus` VALUES (1,2,'Aktif','2022-06-19 22:36:34','2022-06-19 22:36:34'),(2,2,'Tidak Aktif','2022-06-19 22:36:41','2022-06-19 22:36:41'),(3,2,'Pemutusan','2022-06-19 22:37:02','2022-06-19 22:37:02');
/*!40000 ALTER TABLE `msstatus` ENABLE KEYS */;
UNLOCK TABLES;

--
-- Table structure for table `password_resets`
--

DROP TABLE IF EXISTS `password_resets`;
/*!40101 SET @saved_cs_client     = @@character_set_client */;
/*!50503 SET character_set_client = utf8mb4 */;
CREATE TABLE `password_resets` (
  `email` varchar(255) COLLATE utf8_unicode_ci NOT NULL,
  `token` varchar(255) COLLATE utf8_unicode_ci NOT NULL,
  `created_at` timestamp NULL DEFAULT NULL,
  KEY `password_resets_email_index` (`email`)
) ENGINE=InnoDB DEFAULT CHARSET=utf8mb3 COLLATE=utf8_unicode_ci;
/*!40101 SET character_set_client = @saved_cs_client */;

--
-- Dumping data for table `password_resets`
--

LOCK TABLES `password_resets` WRITE;
/*!40000 ALTER TABLE `password_resets` DISABLE KEYS */;
/*!40000 ALTER TABLE `password_resets` ENABLE KEYS */;
UNLOCK TABLES;

--
-- Table structure for table `personal_access_tokens`
--

DROP TABLE IF EXISTS `personal_access_tokens`;
/*!40101 SET @saved_cs_client     = @@character_set_client */;
/*!50503 SET character_set_client = utf8mb4 */;
CREATE TABLE `personal_access_tokens` (
  `id` bigint unsigned NOT NULL AUTO_INCREMENT,
  `tokenable_type` varchar(255) COLLATE utf8_unicode_ci NOT NULL,
  `tokenable_id` bigint unsigned NOT NULL,
  `name` varchar(255) COLLATE utf8_unicode_ci NOT NULL,
  `token` varchar(64) COLLATE utf8_unicode_ci NOT NULL,
  `abilities` text COLLATE utf8_unicode_ci,
  `last_used_at` timestamp NULL DEFAULT NULL,
  `created_at` timestamp NULL DEFAULT NULL,
  `updated_at` timestamp NULL DEFAULT NULL,
  PRIMARY KEY (`id`),
  UNIQUE KEY `personal_access_tokens_token_unique` (`token`),
  KEY `personal_access_tokens_tokenable_type_tokenable_id_index` (`tokenable_type`,`tokenable_id`)
) ENGINE=InnoDB AUTO_INCREMENT=25 DEFAULT CHARSET=utf8mb3 COLLATE=utf8_unicode_ci;
/*!40101 SET character_set_client = @saved_cs_client */;

--
-- Dumping data for table `personal_access_tokens`
--

LOCK TABLES `personal_access_tokens` WRITE;
/*!40000 ALTER TABLE `personal_access_tokens` DISABLE KEYS */;
INSERT INTO `personal_access_tokens` VALUES (20,'App\\Models\\User',2,'auth_token','d4aeb1728945af7f6a7a94d8baf92976ac3d63702b917e3718d611540ddbf81e','[\"*\"]',NULL,'2022-06-19 15:43:28','2022-06-19 15:43:28'),(21,'App\\Models\\User',2,'auth_token','54c1a0652aaee170833c3fe22e29dd12311eaea06c6cf6cb61199f234adebe6f','[\"*\"]',NULL,'2022-06-20 01:37:04','2022-06-20 01:37:04'),(22,'App\\Models\\User',2,'auth_token','2d51acc820f749c7be322cdd0279877639dadd60fcb2ad0bef8fec7976bd107b','[\"*\"]',NULL,'2022-06-26 10:12:26','2022-06-26 10:12:26'),(23,'App\\Models\\User',2,'auth_token','f371c06d8345e48117f0c2a1539f883fe897747cc75b8ee65061dfa22af9d731','[\"*\"]',NULL,'2022-06-26 12:24:46','2022-06-26 12:24:46'),(24,'App\\Models\\User',2,'auth_token','e6f60271f33710d0937db01af7decb68bb70c9443762f03158026576f18dee4f','[\"*\"]',NULL,'2022-06-29 07:22:01','2022-06-29 07:22:01');
/*!40000 ALTER TABLE `personal_access_tokens` ENABLE KEYS */;
UNLOCK TABLES;

--
-- Table structure for table `role`
--

DROP TABLE IF EXISTS `role`;
/*!40101 SET @saved_cs_client     = @@character_set_client */;
/*!50503 SET character_set_client = utf8mb4 */;
CREATE TABLE `role` (
  `roleId` int unsigned NOT NULL AUTO_INCREMENT,
  `compId` int NOT NULL,
  `roleNama` varchar(100) COLLATE utf8_unicode_ci NOT NULL,
  `created_at` timestamp NULL DEFAULT NULL,
  `updated_at` timestamp NULL DEFAULT NULL,
  PRIMARY KEY (`roleId`)
) ENGINE=InnoDB AUTO_INCREMENT=5 DEFAULT CHARSET=utf8mb3 COLLATE=utf8_unicode_ci;
/*!40101 SET character_set_client = @saved_cs_client */;

--
-- Dumping data for table `role`
--

LOCK TABLES `role` WRITE;
/*!40000 ALTER TABLE `role` DISABLE KEYS */;
INSERT INTO `role` VALUES (1,1,'Administrator',NULL,NULL),(2,2,'Admin','2022-06-19 04:24:58','2022-06-19 04:24:58'),(3,2,'User Level 1','2022-06-19 14:58:00','2022-06-19 14:58:00'),(4,2,'User Level 2','2022-06-19 14:58:08','2022-06-19 14:58:08');
/*!40000 ALTER TABLE `role` ENABLE KEYS */;
UNLOCK TABLES;

--
-- Table structure for table `role_menu`
--

DROP TABLE IF EXISTS `role_menu`;
/*!40101 SET @saved_cs_client     = @@character_set_client */;
/*!50503 SET character_set_client = utf8mb4 */;
CREATE TABLE `role_menu` (
  `rmId` int unsigned NOT NULL AUTO_INCREMENT,
  `compId` int NOT NULL,
  `rmRoleId` int NOT NULL,
  `rmMenuId` int NOT NULL,
  `created_at` timestamp NULL DEFAULT NULL,
  `updated_at` timestamp NULL DEFAULT NULL,
  PRIMARY KEY (`rmId`)
) ENGINE=InnoDB AUTO_INCREMENT=343 DEFAULT CHARSET=utf8mb3 COLLATE=utf8_unicode_ci;
/*!40101 SET character_set_client = @saved_cs_client */;

--
-- Dumping data for table `role_menu`
--

LOCK TABLES `role_menu` WRITE;
/*!40000 ALTER TABLE `role_menu` DISABLE KEYS */;
INSERT INTO `role_menu` VALUES (60,1,1,1,'2022-06-19 04:24:14','2022-06-19 04:24:14'),(61,1,1,2,'2022-06-19 04:24:14','2022-06-19 04:24:14'),(62,1,1,3,'2022-06-19 04:24:14','2022-06-19 04:24:14'),(63,1,1,4,'2022-06-19 04:24:14','2022-06-19 04:24:14'),(64,1,1,5,'2022-06-19 04:24:14','2022-06-19 04:24:14'),(65,1,1,6,'2022-06-19 04:24:15','2022-06-19 04:24:15'),(66,1,1,7,'2022-06-19 04:24:15','2022-06-19 04:24:15'),(67,1,1,8,'2022-06-19 04:24:15','2022-06-19 04:24:15'),(68,1,1,9,'2022-06-19 04:24:15','2022-06-19 04:24:15'),(69,1,1,10,'2022-06-19 04:24:15','2022-06-19 04:24:15'),(70,1,1,11,'2022-06-19 04:24:15','2022-06-19 04:24:15'),(71,1,1,12,'2022-06-19 04:24:15','2022-06-19 04:24:15'),(72,1,1,13,'2022-06-19 04:24:16','2022-06-19 04:24:16'),(73,1,1,14,'2022-06-19 04:24:16','2022-06-19 04:24:16'),(74,1,1,15,'2022-06-19 04:24:16','2022-06-19 04:24:16'),(75,1,1,16,'2022-06-19 04:24:16','2022-06-19 04:24:16'),(76,1,1,17,'2022-06-19 04:24:16','2022-06-19 04:24:16'),(77,1,1,18,'2022-06-19 04:24:16','2022-06-19 04:24:16'),(78,1,1,19,'2022-06-19 04:24:16','2022-06-19 04:24:16'),(79,1,1,20,'2022-06-19 04:24:16','2022-06-19 04:24:16'),(80,1,1,21,'2022-06-19 04:24:17','2022-06-19 04:24:17'),(81,1,1,22,'2022-06-19 04:24:17','2022-06-19 04:24:17'),(288,2,2,1,'2022-06-19 15:12:02','2022-06-19 15:12:02'),(289,2,2,2,'2022-06-19 15:12:02','2022-06-19 15:12:02'),(290,2,2,3,'2022-06-19 15:12:02','2022-06-19 15:12:02'),(291,2,2,4,'2022-06-19 15:12:02','2022-06-19 15:12:02'),(292,2,2,5,'2022-06-19 15:12:03','2022-06-19 15:12:03'),(293,2,2,6,'2022-06-19 15:12:03','2022-06-19 15:12:03'),(294,2,2,8,'2022-06-19 15:12:03','2022-06-19 15:12:03'),(295,2,2,9,'2022-06-19 15:12:03','2022-06-19 15:12:03'),(296,2,2,10,'2022-06-19 15:12:03','2022-06-19 15:12:03'),(297,2,2,11,'2022-06-19 15:12:03','2022-06-19 15:12:03'),(298,2,2,20,'2022-06-19 15:12:04','2022-06-19 15:12:04'),(299,2,2,21,'2022-06-19 15:12:04','2022-06-19 15:12:04'),(300,2,2,22,'2022-06-19 15:12:04','2022-06-19 15:12:04'),(301,2,2,23,'2022-06-19 15:12:04','2022-06-19 15:12:04'),(302,2,2,24,'2022-06-19 15:12:04','2022-06-19 15:12:04'),(303,2,2,25,'2022-06-19 15:12:04','2022-06-19 15:12:04'),(304,2,2,26,'2022-06-19 15:12:04','2022-06-19 15:12:04'),(305,2,2,27,'2022-06-19 15:12:05','2022-06-19 15:12:05'),(306,2,2,28,'2022-06-19 15:12:05','2022-06-19 15:12:05'),(307,2,2,29,'2022-06-19 15:12:05','2022-06-19 15:12:05'),(308,2,2,30,'2022-06-19 15:12:05','2022-06-19 15:12:05'),(309,2,2,31,'2022-06-19 15:12:05','2022-06-19 15:12:05'),(310,2,2,32,'2022-06-19 15:12:05','2022-06-19 15:12:05'),(311,2,2,33,'2022-06-19 15:12:05','2022-06-19 15:12:05'),(312,2,2,34,'2022-06-19 15:12:05','2022-06-19 15:12:05'),(313,2,2,35,'2022-06-19 15:12:06','2022-06-19 15:12:06'),(314,2,2,36,'2022-06-19 15:12:06','2022-06-19 15:12:06'),(315,2,2,37,'2022-06-19 15:12:06','2022-06-19 15:12:06'),(316,2,2,38,'2022-06-19 15:12:06','2022-06-19 15:12:06'),(317,2,2,39,'2022-06-19 15:12:06','2022-06-19 15:12:06'),(318,2,3,1,'2022-06-19 15:12:11','2022-06-19 15:12:11'),(319,2,3,2,'2022-06-19 15:12:11','2022-06-19 15:12:11'),(320,2,3,9,'2022-06-19 15:12:11','2022-06-19 15:12:11'),(321,2,3,10,'2022-06-19 15:12:12','2022-06-19 15:12:12'),(322,2,3,11,'2022-06-19 15:12:12','2022-06-19 15:12:12'),(323,2,3,20,'2022-06-19 15:12:12','2022-06-19 15:12:12'),(324,2,3,21,'2022-06-19 15:12:12','2022-06-19 15:12:12'),(325,2,3,22,'2022-06-19 15:12:12','2022-06-19 15:12:12'),(326,2,3,23,'2022-06-19 15:12:13','2022-06-19 15:12:13'),(327,2,3,24,'2022-06-19 15:12:13','2022-06-19 15:12:13'),(328,2,3,25,'2022-06-19 15:12:13','2022-06-19 15:12:13'),(329,2,3,26,'2022-06-19 15:12:13','2022-06-19 15:12:13'),(330,2,3,27,'2022-06-19 15:12:13','2022-06-19 15:12:13'),(331,2,3,28,'2022-06-19 15:12:13','2022-06-19 15:12:13'),(332,2,3,29,'2022-06-19 15:12:13','2022-06-19 15:12:13'),(333,2,3,30,'2022-06-19 15:12:13','2022-06-19 15:12:13'),(334,2,3,31,'2022-06-19 15:12:14','2022-06-19 15:12:14'),(335,2,3,32,'2022-06-19 15:12:14','2022-06-19 15:12:14'),(336,2,3,33,'2022-06-19 15:12:14','2022-06-19 15:12:14'),(337,2,3,34,'2022-06-19 15:12:14','2022-06-19 15:12:14'),(338,2,3,35,'2022-06-19 15:12:14','2022-06-19 15:12:14'),(339,2,3,36,'2022-06-19 15:12:14','2022-06-19 15:12:14'),(340,2,3,37,'2022-06-19 15:12:14','2022-06-19 15:12:14'),(341,2,3,38,'2022-06-19 15:12:15','2022-06-19 15:12:15'),(342,2,3,39,'2022-06-19 15:12:15','2022-06-19 15:12:15');
/*!40000 ALTER TABLE `role_menu` ENABLE KEYS */;
UNLOCK TABLES;

--
-- Table structure for table `syslog`
--

DROP TABLE IF EXISTS `syslog`;
/*!40101 SET @saved_cs_client     = @@character_set_client */;
/*!50503 SET character_set_client = utf8mb4 */;
CREATE TABLE `syslog` (
  `id` int unsigned NOT NULL AUTO_INCREMENT,
  `compId` int NOT NULL,
  `user` varchar(255) COLLATE utf8_unicode_ci NOT NULL,
  `tabel` varchar(255) COLLATE utf8_unicode_ci NOT NULL,
  `query` varchar(255) COLLATE utf8_unicode_ci NOT NULL,
  `detail` longtext COLLATE utf8_unicode_ci NOT NULL,
  `created_at` timestamp NULL DEFAULT NULL,
  `updated_at` timestamp NULL DEFAULT NULL,
  PRIMARY KEY (`id`)
) ENGINE=InnoDB AUTO_INCREMENT=66 DEFAULT CHARSET=utf8mb3 COLLATE=utf8_unicode_ci;
/*!40101 SET character_set_client = @saved_cs_client */;

--
-- Dumping data for table `syslog`
--

LOCK TABLES `syslog` WRITE;
/*!40000 ALTER TABLE `syslog` DISABLE KEYS */;
INSERT INTO `syslog` VALUES (1,2,'kucip@gmail.com','menu','create','{\"compId\":\"2\",\"menuNama\":\"Paket Langganan\",\"menuRoute\":\"paketlangganan\",\"menuIcon\":null,\"menuOrder\":\"1\",\"updated_at\":\"2022-06-19T03:42:29.000000Z\",\"created_at\":\"2022-06-19T03:42:29.000000Z\",\"menuId\":20}','2022-06-19 02:42:29','2022-06-19 02:42:29'),(2,2,'kucip@gmail.com','menu','update','{\"_token\":\"X3Va1TAGoTgRrTnCu4xy6IYyi1S2BExjnQDJKNn2\",\"compId\":\"2\",\"menuNama\":\"Paket Langganan\",\"menuRoute\":\"paketlangganan\",\"menuIcon\":null,\"menuOrder\":\"1\",\"menuParent\":\"10\"}','2022-06-19 02:50:39','2022-06-19 02:50:39'),(3,2,'kucip@gmail.com','menu','update','{\"_token\":\"X3Va1TAGoTgRrTnCu4xy6IYyi1S2BExjnQDJKNn2\",\"compId\":\"2\",\"menuNama\":\"Paket Langganan\",\"menuRoute\":\"paketlangganan\",\"menuIcon\":null,\"menuOrder\":\"1\",\"menuParent\":\"10\"}','2022-06-19 02:51:29','2022-06-19 02:51:29'),(4,2,'kucip@gmail.com','menu','update','{\"_token\":\"X3Va1TAGoTgRrTnCu4xy6IYyi1S2BExjnQDJKNn2\",\"compId\":\"2\",\"menuNama\":\"Paket Langganan\",\"menuRoute\":\"paketlangganan\",\"menuIcon\":null,\"menuOrder\":\"1\",\"menuParent\":\"10\"}','2022-06-19 02:52:31','2022-06-19 02:52:31'),(5,1,'siapsehat','menu','update','{\"_token\":\"woLygM80gGnfLvSheWWjPeehMmROWg4pjDwdzMsW\",\"compId\":\"1\",\"menuNama\":\"COA (Chart Of Account)\",\"menuRoute\":\"coa\",\"menuIcon\":null,\"menuOrder\":\"5\",\"menuParent\":\"10\"}','2022-06-19 04:23:07','2022-06-19 04:23:07'),(6,1,'siapsehat','menu','create','{\"compId\":\"1\",\"menuNama\":\"Periode Pembayaran\",\"menuRoute\":\"periodebayar\",\"menuIcon\":null,\"menuOrder\":\"2\",\"menuParent\":\"10\",\"updated_at\":\"2022-06-19T05:23:32.000000Z\",\"created_at\":\"2022-06-19T05:23:32.000000Z\",\"menuId\":21}','2022-06-19 04:23:32','2022-06-19 04:23:32'),(7,1,'siapsehat','menu','create','{\"compId\":\"1\",\"menuNama\":\"Bendahara\",\"menuRoute\":\"bendahara\",\"menuIcon\":null,\"menuOrder\":\"3\",\"menuParent\":\"10\",\"updated_at\":\"2022-06-19T05:23:57.000000Z\",\"created_at\":\"2022-06-19T05:23:57.000000Z\",\"menuId\":22}','2022-06-19 04:23:57','2022-06-19 04:23:57'),(8,2,'kucip@gmail.com','role','create','{\"compId\":\"2\",\"roleNama\":\"Admin\",\"updated_at\":\"2022-06-19T05:24:58.000000Z\",\"created_at\":\"2022-06-19T05:24:58.000000Z\",\"roleId\":2}','2022-06-19 04:24:58','2022-06-19 04:24:58'),(9,2,'kucip@gmail.com','menu','create','{\"compId\":\"2\",\"menuNama\":\"Pelanggan\",\"menuRoute\":null,\"menuIcon\":\"icon-users\",\"menuOrder\":\"3\",\"menuParent\":null,\"updated_at\":\"2022-06-19T05:27:44.000000Z\",\"created_at\":\"2022-06-19T05:27:44.000000Z\",\"menuId\":23}','2022-06-19 04:27:44','2022-06-19 04:27:44'),(10,2,'kucip@gmail.com','menu','create','{\"compId\":\"2\",\"menuNama\":\"Data Pelanggan\",\"menuRoute\":\"datapelanggan\",\"menuIcon\":null,\"menuOrder\":\"1\",\"menuParent\":\"23\",\"updated_at\":\"2022-06-19T05:28:19.000000Z\",\"created_at\":\"2022-06-19T05:28:19.000000Z\",\"menuId\":24}','2022-06-19 04:28:19','2022-06-19 04:28:19'),(11,2,'kucip@gmail.com','menu','create','{\"compId\":\"2\",\"menuNama\":\"Kirim WA Notifikasi\",\"menuRoute\":\"kirimwa\",\"menuIcon\":null,\"menuOrder\":\"2\",\"menuParent\":\"23\",\"updated_at\":\"2022-06-19T05:28:48.000000Z\",\"created_at\":\"2022-06-19T05:28:48.000000Z\",\"menuId\":25}','2022-06-19 04:28:48','2022-06-19 04:28:48'),(12,2,'kucip@gmail.com','menu','create','{\"compId\":\"2\",\"menuNama\":\"Ipaymu\",\"menuRoute\":\"#\",\"menuIcon\":\"icon-coin-dollar\",\"menuOrder\":\"4\",\"menuParent\":null,\"updated_at\":\"2022-06-19T05:30:00.000000Z\",\"created_at\":\"2022-06-19T05:30:00.000000Z\",\"menuId\":26}','2022-06-19 04:30:00','2022-06-19 04:30:00'),(13,2,'kucip@gmail.com','menu','create','{\"compId\":\"2\",\"menuNama\":\"Posting Tagihan ke Ipaymu\",\"menuRoute\":\"postingtagihan\",\"menuIcon\":null,\"menuOrder\":\"1\",\"menuParent\":\"26\",\"updated_at\":\"2022-06-19T05:30:35.000000Z\",\"created_at\":\"2022-06-19T05:30:35.000000Z\",\"menuId\":27}','2022-06-19 04:30:35','2022-06-19 04:30:35'),(14,2,'kucip@gmail.com','menu','create','{\"compId\":\"2\",\"menuNama\":\"Cek Transaksi\",\"menuRoute\":\"cektransaksi\",\"menuIcon\":null,\"menuOrder\":\"2\",\"menuParent\":\"26\",\"updated_at\":\"2022-06-19T05:31:02.000000Z\",\"created_at\":\"2022-06-19T05:31:02.000000Z\",\"menuId\":28}','2022-06-19 04:31:02','2022-06-19 04:31:02'),(15,2,'kucip@gmail.com','menu','create','{\"compId\":\"2\",\"menuNama\":\"Cek Saldo\",\"menuRoute\":\"ceksaldo\",\"menuIcon\":null,\"menuOrder\":\"3\",\"menuParent\":\"26\",\"updated_at\":\"2022-06-19T05:31:27.000000Z\",\"created_at\":\"2022-06-19T05:31:27.000000Z\",\"menuId\":29}','2022-06-19 04:31:28','2022-06-19 04:31:28'),(16,2,'kucip@gmail.com','menu','update','{\"_token\":\"woLygM80gGnfLvSheWWjPeehMmROWg4pjDwdzMsW\",\"compId\":\"2\",\"menuNama\":\"Posting Tagihan\",\"menuRoute\":\"postingtagihan\",\"menuIcon\":null,\"menuOrder\":\"1\",\"menuParent\":\"26\"}','2022-06-19 04:31:37','2022-06-19 04:31:37'),(17,2,'kucip@gmail.com','menu','create','{\"compId\":\"2\",\"menuNama\":\"Jurnal\",\"menuRoute\":\"#\",\"menuIcon\":\"icon-files-empty\",\"menuOrder\":\"5\",\"menuParent\":null,\"updated_at\":\"2022-06-19T05:32:50.000000Z\",\"created_at\":\"2022-06-19T05:32:50.000000Z\",\"menuId\":30}','2022-06-19 04:32:50','2022-06-19 04:32:50'),(18,2,'kucip@gmail.com','menu','create','{\"compId\":\"2\",\"menuNama\":\"Posting Penerimaan\",\"menuRoute\":\"postingterima\",\"menuIcon\":null,\"menuOrder\":\"1\",\"menuParent\":\"30\",\"updated_at\":\"2022-06-19T05:33:31.000000Z\",\"created_at\":\"2022-06-19T05:33:31.000000Z\",\"menuId\":31}','2022-06-19 04:33:31','2022-06-19 04:33:31'),(19,2,'kucip@gmail.com','menu','create','{\"compId\":\"2\",\"menuNama\":\"Posting Pengeluaran\",\"menuRoute\":\"postingkeluar\",\"menuIcon\":null,\"menuOrder\":\"2\",\"menuParent\":\"30\",\"updated_at\":\"2022-06-19T05:34:11.000000Z\",\"created_at\":\"2022-06-19T05:34:11.000000Z\",\"menuId\":32}','2022-06-19 04:34:11','2022-06-19 04:34:11'),(20,2,'kucip@gmail.com','menu','create','{\"compId\":\"2\",\"menuNama\":\"Laporan Jurnal Umum\",\"menuRoute\":\"laporanju\",\"menuIcon\":null,\"menuOrder\":\"3\",\"menuParent\":\"30\",\"updated_at\":\"2022-06-19T05:34:37.000000Z\",\"created_at\":\"2022-06-19T05:34:37.000000Z\",\"menuId\":33}','2022-06-19 04:34:37','2022-06-19 04:34:37'),(21,2,'kucip@gmail.com','menu','create','{\"compId\":\"2\",\"menuNama\":\"Laporan Rugi Laba\",\"menuRoute\":\"rugilaba\",\"menuIcon\":null,\"menuOrder\":\"4\",\"menuParent\":\"30\",\"updated_at\":\"2022-06-19T05:35:05.000000Z\",\"created_at\":\"2022-06-19T05:35:05.000000Z\",\"menuId\":34}','2022-06-19 04:35:05','2022-06-19 04:35:05'),(22,2,'kucip@gmail.com','menu','create','{\"compId\":\"2\",\"menuNama\":\"Laporan Per Bendahara\",\"menuRoute\":\"laporanbend\",\"menuIcon\":null,\"menuOrder\":\"5\",\"menuParent\":\"30\",\"updated_at\":\"2022-06-19T05:35:34.000000Z\",\"created_at\":\"2022-06-19T05:35:34.000000Z\",\"menuId\":35}','2022-06-19 04:35:34','2022-06-19 04:35:34'),(23,2,'kucip@gmail.com','menu','create','{\"compId\":\"2\",\"menuNama\":\"Laporan Tunggakan Pelanggan\",\"menuRoute\":\"tunggakan\",\"menuIcon\":null,\"menuOrder\":\"6\",\"menuParent\":\"30\",\"updated_at\":\"2022-06-19T05:36:02.000000Z\",\"created_at\":\"2022-06-19T05:36:02.000000Z\",\"menuId\":36}','2022-06-19 04:36:02','2022-06-19 04:36:02'),(24,2,'kucip@gmail.com','mspaket','create','{\"compId\":\"2\",\"paketNama\":\"1 User \\/ Bulan\",\"paketHarga\":\"70000\",\"updated_at\":\"2022-06-19T13:33:31.000000Z\",\"created_at\":\"2022-06-19T13:33:31.000000Z\",\"paketIdId\":1}','2022-06-19 12:33:31','2022-06-19 12:33:31'),(25,2,'kucip@gmail.com','mspaket','create','{\"compId\":\"2\",\"paketNama\":\"2 User \\/ Bulan\",\"paketHarga\":\"140000\",\"updated_at\":\"2022-06-19T13:41:41.000000Z\",\"created_at\":\"2022-06-19T13:41:41.000000Z\",\"paketIdId\":2}','2022-06-19 12:41:41','2022-06-19 12:41:41'),(26,2,'kucip@gmail.com','mspaket','create','{\"compId\":\"2\",\"paketNama\":\"3 User \\/ Bulan\",\"paketHarga\":\"180000\",\"updated_at\":\"2022-06-19T13:41:59.000000Z\",\"created_at\":\"2022-06-19T13:41:59.000000Z\",\"paketIdId\":3}','2022-06-19 12:41:59','2022-06-19 12:41:59'),(27,2,'kucip@gmail.com','mspaket','create','{\"compId\":\"2\",\"paketNama\":\"4 User \\/ Bulan\",\"paketHarga\":\"200000\",\"updated_at\":\"2022-06-19T13:42:11.000000Z\",\"created_at\":\"2022-06-19T13:42:11.000000Z\",\"paketIdId\":4}','2022-06-19 12:42:11','2022-06-19 12:42:11'),(28,2,'kucip@gmail.com','mspaket','create','{\"compId\":\"2\",\"paketNama\":\"5 User \\/ Bulan\",\"paketHarga\":\"230000\",\"updated_at\":\"2022-06-19T13:42:32.000000Z\",\"created_at\":\"2022-06-19T13:42:32.000000Z\",\"paketIdId\":5}','2022-06-19 12:42:32','2022-06-19 12:42:32'),(29,2,'kucip@gmail.com','mspaket','create','{\"compId\":\"2\",\"paketNama\":\"6 User \\/ Bulan\",\"paketHarga\":\"250000\",\"updated_at\":\"2022-06-19T13:42:47.000000Z\",\"created_at\":\"2022-06-19T13:42:47.000000Z\",\"paketIdId\":6}','2022-06-19 12:42:48','2022-06-19 12:42:48'),(30,2,'kucip@gmail.com','msperiode','create','{\"compId\":\"2\",\"periodNama\":\"Tanggal 10\",\"updated_at\":\"2022-06-19T14:10:58.000000Z\",\"created_at\":\"2022-06-19T14:10:58.000000Z\",\"periodId\":1}','2022-06-19 13:10:59','2022-06-19 13:10:59'),(31,2,'kucip@gmail.com','msperiode','create','{\"compId\":\"2\",\"periodNama\":\"Tanggal 25\",\"updated_at\":\"2022-06-19T14:11:07.000000Z\",\"created_at\":\"2022-06-19T14:11:07.000000Z\",\"periodId\":2}','2022-06-19 13:11:07','2022-06-19 13:11:07'),(32,2,'kucip@gmail.com','msbendahara','create','{\"compId\":\"2\",\"bendNama\":\"Opan\",\"updated_at\":\"2022-06-19T14:14:58.000000Z\",\"created_at\":\"2022-06-19T14:14:58.000000Z\",\"bendId\":1}','2022-06-19 13:14:58','2022-06-19 13:14:58'),(33,2,'kucip@gmail.com','msbendahara','create','{\"compId\":\"2\",\"bendNama\":\"Lupus\",\"updated_at\":\"2022-06-19T14:15:04.000000Z\",\"created_at\":\"2022-06-19T14:15:04.000000Z\",\"bendId\":2}','2022-06-19 13:15:04','2022-06-19 13:15:04'),(34,2,'kucip@gmail.com','mscoa','create','{\"compId\":\"2\",\"coaKode\":\"101\",\"coaNama\":\"Aset Lancar (KAS)\",\"updated_at\":\"2022-06-19T14:24:37.000000Z\",\"created_at\":\"2022-06-19T14:24:37.000000Z\",\"coaId\":6}','2022-06-19 13:24:38','2022-06-19 13:24:38'),(35,2,'kucip@gmail.com','mscoa','create','{\"compId\":\"2\",\"coaKode\":\"102\",\"coaNama\":\"Aset Tetap (Peralatan)\",\"updated_at\":\"2022-06-19T14:24:53.000000Z\",\"created_at\":\"2022-06-19T14:24:53.000000Z\",\"coaId\":7}','2022-06-19 13:24:53','2022-06-19 13:24:53'),(36,2,'kucip@gmail.com','mscoa','create','{\"compId\":\"2\",\"coaKode\":\"201\",\"coaNama\":\"Utang\",\"updated_at\":\"2022-06-19T14:25:05.000000Z\",\"created_at\":\"2022-06-19T14:25:05.000000Z\",\"coaId\":8}','2022-06-19 13:25:05','2022-06-19 13:25:05'),(37,2,'kucip@gmail.com','mscoa','create','{\"compId\":\"2\",\"coaKode\":\"301\",\"coaNama\":\"Kewajiban\",\"updated_at\":\"2022-06-19T14:25:14.000000Z\",\"created_at\":\"2022-06-19T14:25:14.000000Z\",\"coaId\":9}','2022-06-19 13:25:14','2022-06-19 13:25:14'),(38,2,'kucip@gmail.com','mscoa','create','{\"compId\":\"2\",\"coaKode\":\"401\",\"coaNama\":\"Pendapatan Pemasangan Baru (Biaya Pasang)\",\"updated_at\":\"2022-06-19T14:26:01.000000Z\",\"created_at\":\"2022-06-19T14:26:01.000000Z\",\"coaId\":10}','2022-06-19 13:26:01','2022-06-19 13:26:01'),(39,2,'kucip@gmail.com','mscoa','create','{\"compId\":\"2\",\"coaKode\":\"402\",\"coaNama\":\"Pendapatan Langganan Bulanan\",\"updated_at\":\"2022-06-19T14:26:16.000000Z\",\"created_at\":\"2022-06-19T14:26:16.000000Z\",\"coaId\":11}','2022-06-19 13:26:16','2022-06-19 13:26:16'),(40,2,'kucip@gmail.com','mscoa','create','{\"compId\":\"2\",\"coaKode\":\"403\",\"coaNama\":\"Pendapatan Voucher\",\"updated_at\":\"2022-06-19T14:26:28.000000Z\",\"created_at\":\"2022-06-19T14:26:28.000000Z\",\"coaId\":12}','2022-06-19 13:26:28','2022-06-19 13:26:28'),(41,2,'kucip@gmail.com','mscoa','create','{\"compId\":\"2\",\"coaKode\":\"404\",\"coaNama\":\"Pendapatan Lainnya\",\"updated_at\":\"2022-06-19T14:26:40.000000Z\",\"created_at\":\"2022-06-19T14:26:40.000000Z\",\"coaId\":13}','2022-06-19 13:26:40','2022-06-19 13:26:40'),(42,2,'kucip@gmail.com','mscoa','create','{\"compId\":\"2\",\"coaKode\":\"501\",\"coaNama\":\"Pengeluaran Biaya Pegawai Bulanan\",\"updated_at\":\"2022-06-19T14:27:05.000000Z\",\"created_at\":\"2022-06-19T14:27:05.000000Z\",\"coaId\":14}','2022-06-19 13:27:05','2022-06-19 13:27:05'),(43,2,'kucip@gmail.com','mscoa','create','{\"compId\":\"2\",\"coaKode\":\"502\",\"coaNama\":\"Pengeluaran Operasional\",\"updated_at\":\"2022-06-19T14:27:27.000000Z\",\"created_at\":\"2022-06-19T14:27:27.000000Z\",\"coaId\":15}','2022-06-19 13:27:27','2022-06-19 13:27:27'),(44,2,'kucip@gmail.com','mscoa','create','{\"compId\":\"2\",\"coaKode\":\"503\",\"coaNama\":\"Pengeluaran Ongkos Pasang\",\"updated_at\":\"2022-06-19T14:28:06.000000Z\",\"created_at\":\"2022-06-19T14:28:06.000000Z\",\"coaId\":16}','2022-06-19 13:28:06','2022-06-19 13:28:06'),(45,2,'kucip@gmail.com','mscoa','create','{\"compId\":\"2\",\"coaKode\":\"504\",\"coaNama\":\"Pengeluaran Pembelian Modem\",\"updated_at\":\"2022-06-19T14:28:18.000000Z\",\"created_at\":\"2022-06-19T14:28:18.000000Z\",\"coaId\":17}','2022-06-19 13:28:18','2022-06-19 13:28:18'),(46,2,'kucip@gmail.com','mscoa','create','{\"compId\":\"2\",\"coaKode\":\"505\",\"coaNama\":\"Pengeluaran Pembelian Kabel\",\"updated_at\":\"2022-06-19T14:28:32.000000Z\",\"created_at\":\"2022-06-19T14:28:32.000000Z\",\"coaId\":18}','2022-06-19 13:28:32','2022-06-19 13:28:32'),(47,2,'kucip@gmail.com','mscoa','create','{\"compId\":\"2\",\"coaKode\":\"506\",\"coaNama\":\"Pengeluaran Pembelian Konektor & Peralatan Kecil\",\"updated_at\":\"2022-06-19T14:29:29.000000Z\",\"created_at\":\"2022-06-19T14:29:29.000000Z\",\"coaId\":19}','2022-06-19 13:29:29','2022-06-19 13:29:29'),(48,2,'kucip@gmail.com','mscoa','create','{\"compId\":\"2\",\"coaKode\":\"507\",\"coaNama\":\"Pengeluaran Pembelian Bahan Habis Pakai\",\"updated_at\":\"2022-06-19T14:29:51.000000Z\",\"created_at\":\"2022-06-19T14:29:51.000000Z\",\"coaId\":20}','2022-06-19 13:29:51','2022-06-19 13:29:51'),(49,2,'kucip@gmail.com','mscoa','create','{\"compId\":\"2\",\"coaKode\":\"601\",\"coaNama\":\"Pembiayaan Pengeluaran (penyertaan modal ke unit usaha lain)\",\"updated_at\":\"2022-06-19T14:30:20.000000Z\",\"created_at\":\"2022-06-19T14:30:20.000000Z\",\"coaId\":21}','2022-06-19 13:30:20','2022-06-19 13:30:20'),(50,2,'kucip@gmail.com','mscoa','create','{\"compId\":\"2\",\"coaKode\":\"602\",\"coaNama\":\"Pembiayaan Penerimaan (penambahan modal & investasi)\",\"updated_at\":\"2022-06-19T14:30:43.000000Z\",\"created_at\":\"2022-06-19T14:30:43.000000Z\",\"coaId\":22}','2022-06-19 13:30:43','2022-06-19 13:30:43'),(51,2,'kucip@gmail.com','mscoa','update','{\"_token\":\"lb0IVsqlRjFwTaqlrtMT7kjYCCm9bnQ5RmykA4DW\",\"compId\":\"2\",\"coaKode\":\"502\",\"coaNama\":\"Pengeluaran Operasional (Listrik, Transportasi, dll)\"}','2022-06-19 13:31:19','2022-06-19 13:31:19'),(52,2,'kucip@gmail.com','menu','create','{\"compId\":\"2\",\"menuNama\":\"Status\",\"menuRoute\":\"statusaktif\",\"menuIcon\":null,\"menuOrder\":\"6\",\"menuParent\":\"10\",\"updated_at\":\"2022-06-19T15:34:51.000000Z\",\"created_at\":\"2022-06-19T15:34:51.000000Z\",\"menuId\":37}','2022-06-19 14:34:51','2022-06-19 14:34:51'),(53,2,'kucip@gmail.com','msstatus','create','{\"compId\":\"2\",\"statNama\":\"Aktif\",\"updated_at\":\"2022-06-19T15:36:34.000000Z\",\"created_at\":\"2022-06-19T15:36:34.000000Z\",\"statId\":1}','2022-06-19 14:36:34','2022-06-19 14:36:34'),(54,2,'kucip@gmail.com','msstatus','create','{\"compId\":\"2\",\"statNama\":\"Tidak Aktif\",\"updated_at\":\"2022-06-19T15:36:41.000000Z\",\"created_at\":\"2022-06-19T15:36:41.000000Z\",\"statId\":2}','2022-06-19 14:36:42','2022-06-19 14:36:42'),(55,2,'kucip@gmail.com','msstatus','create','{\"compId\":\"2\",\"statNama\":\"Pemutusan\",\"updated_at\":\"2022-06-19T15:37:02.000000Z\",\"created_at\":\"2022-06-19T15:37:02.000000Z\",\"statId\":3}','2022-06-19 14:37:02','2022-06-19 14:37:02'),(56,2,'kucip@gmail.com','mspelanggan','create','{\"compId\":\"2\",\"pelNama\":\"Nani\",\"pelUserId\":\"nura\",\"pelAlamat\":\"Empang\",\"pelNoHp\":\"085238474343\",\"pelPeriodeBayar\":\"2\",\"pelPaket\":\"4\",\"pelAktif\":\"2\",\"updated_at\":\"2022-06-19T15:43:40.000000Z\",\"created_at\":\"2022-06-19T15:43:40.000000Z\",\"pelId\":1}','2022-06-19 14:43:40','2022-06-19 14:43:40'),(57,2,'kucip@gmail.com','mspelanggan','create','{\"compId\":\"2\",\"pelNama\":\"Abidatul\",\"pelUserId\":\"abidatul\",\"pelAlamat\":\"Jotang\",\"pelNoHp\":\"082340679856\",\"pelPeriodeBayar\":\"1\",\"pelPaket\":\"1\",\"pelAktif\":\"1\",\"updated_at\":\"2022-06-19T15:56:20.000000Z\",\"created_at\":\"2022-06-19T15:56:20.000000Z\",\"pelId\":2}','2022-06-19 14:56:20','2022-06-19 14:56:20'),(58,2,'kucip@gmail.com','role','create','{\"compId\":\"2\",\"roleNama\":\"User Level 1\",\"updated_at\":\"2022-06-19T15:58:00.000000Z\",\"created_at\":\"2022-06-19T15:58:00.000000Z\",\"roleId\":3}','2022-06-19 14:58:00','2022-06-19 14:58:00'),(59,2,'kucip@gmail.com','role','create','{\"compId\":\"2\",\"roleNama\":\"User Level 2\",\"updated_at\":\"2022-06-19T15:58:08.000000Z\",\"created_at\":\"2022-06-19T15:58:08.000000Z\",\"roleId\":4}','2022-06-19 14:58:08','2022-06-19 14:58:08'),(60,2,'haris@gmail.com','users','delete','{\"id\":1,\"name\":\"siapsehat\",\"email\":\"admin@siapsehat.com\",\"email_verified_at\":\"2022-06-19T03:32:45.000000Z\",\"password\":\"$2y$10$uBatLnuZ37l7Vbu3DOH4Ku8i1kqwvcr0VfkUV96bFJpgpvbX80hp6\",\"compId\":1,\"role\":1,\"created_at\":null,\"updated_at\":null}','2022-06-19 15:01:03','2022-06-19 15:01:03'),(61,2,'kucip@gmail.com','menu','update','{\"_token\":\"lb0IVsqlRjFwTaqlrtMT7kjYCCm9bnQ5RmykA4DW\",\"compId\":\"2\",\"menuNama\":\"Kirim WA Notifikasi\",\"menuRoute\":\"kirimwa\",\"menuIcon\":null,\"menuOrder\":\"3\",\"menuParent\":\"23\"}','2022-06-19 15:03:32','2022-06-19 15:03:32'),(62,2,'kucip@gmail.com','menu','create','{\"compId\":\"2\",\"menuNama\":\"Create Tagihan Bulanan\",\"menuRoute\":\"createtagihan\",\"menuIcon\":null,\"menuOrder\":\"2\",\"menuParent\":\"23\",\"updated_at\":\"2022-06-19T16:04:06.000000Z\",\"created_at\":\"2022-06-19T16:04:06.000000Z\",\"menuId\":38}','2022-06-19 15:04:07','2022-06-19 15:04:07'),(63,2,'kucip@gmail.com','menu','update','{\"_token\":\"lb0IVsqlRjFwTaqlrtMT7kjYCCm9bnQ5RmykA4DW\",\"compId\":\"2\",\"menuNama\":\"Status Langganan\",\"menuRoute\":\"statusaktif\",\"menuIcon\":null,\"menuOrder\":\"6\",\"menuParent\":\"10\"}','2022-06-19 15:05:56','2022-06-19 15:05:56'),(64,2,'kucip@gmail.com','menu','create','{\"compId\":\"2\",\"menuNama\":\"Pembayaran Pelanggan\",\"menuRoute\":\"pelangganbayar\",\"menuIcon\":null,\"menuOrder\":\"4\",\"menuParent\":\"23\",\"updated_at\":\"2022-06-19T16:11:52.000000Z\",\"created_at\":\"2022-06-19T16:11:52.000000Z\",\"menuId\":39}','2022-06-19 15:11:52','2022-06-19 15:11:52'),(65,2,'kucip@gmail.com','menu','update','{\"_token\":\"VBicxtDdqsoK9QgtI2NSopAx2qzunEnl6O95NI6b\",\"compId\":\"2\",\"menuNama\":\"Create Tagihan Bulanan\",\"menuRoute\":\"tagihan\",\"menuIcon\":null,\"menuOrder\":\"2\",\"menuParent\":\"23\"}','2022-06-26 13:00:46','2022-06-26 13:00:46');
/*!40000 ALTER TABLE `syslog` ENABLE KEYS */;
UNLOCK TABLES;

--
-- Table structure for table `trtagihan`
--

DROP TABLE IF EXISTS `trtagihan`;
/*!40101 SET @saved_cs_client     = @@character_set_client */;
/*!50503 SET character_set_client = utf8mb4 */;
CREATE TABLE `trtagihan` (
  `tagId` int NOT NULL AUTO_INCREMENT,
  `compId` int NOT NULL,
  `tagPeriode` int NOT NULL,
  `tagBulan` int NOT NULL,
  `tagTahun` int NOT NULL,
  `tagPelanggan` int NOT NULL,
  `tagPaket` int NOT NULL,
  `tagTagihan` decimal(10,0) NOT NULL,
  `created_at` datetime DEFAULT NULL,
  `updated_at` datetime DEFAULT NULL,
  PRIMARY KEY (`tagId`)
) ENGINE=InnoDB DEFAULT CHARSET=utf8mb4 COLLATE=utf8mb4_0900_ai_ci;
/*!40101 SET character_set_client = @saved_cs_client */;

--
-- Dumping data for table `trtagihan`
--

LOCK TABLES `trtagihan` WRITE;
/*!40000 ALTER TABLE `trtagihan` DISABLE KEYS */;
/*!40000 ALTER TABLE `trtagihan` ENABLE KEYS */;
UNLOCK TABLES;

--
-- Table structure for table `users`
--

DROP TABLE IF EXISTS `users`;
/*!40101 SET @saved_cs_client     = @@character_set_client */;
/*!50503 SET character_set_client = utf8mb4 */;
CREATE TABLE `users` (
  `id` bigint unsigned NOT NULL AUTO_INCREMENT,
  `name` varchar(255) COLLATE utf8_unicode_ci NOT NULL,
  `email` varchar(255) COLLATE utf8_unicode_ci NOT NULL,
  `email_verified_at` timestamp NULL DEFAULT NULL,
  `password` varchar(255) COLLATE utf8_unicode_ci NOT NULL,
  `remember_token` varchar(100) COLLATE utf8_unicode_ci DEFAULT NULL,
  `compId` int NOT NULL,
  `role` int NOT NULL,
  `created_at` timestamp NULL DEFAULT NULL,
  `updated_at` timestamp NULL DEFAULT NULL,
  PRIMARY KEY (`id`),
  UNIQUE KEY `users_email_unique` (`email`)
) ENGINE=InnoDB AUTO_INCREMENT=4 DEFAULT CHARSET=utf8mb3 COLLATE=utf8_unicode_ci;
/*!40101 SET character_set_client = @saved_cs_client */;

--
-- Dumping data for table `users`
--

LOCK TABLES `users` WRITE;
/*!40000 ALTER TABLE `users` DISABLE KEYS */;
INSERT INTO `users` VALUES (2,'kucip@gmail.com','kucip@gmail.com',NULL,'$2y$10$IhzSiBAQgE7.PfGg/NwEMONU4dOJt7DMA.2Acj4Bzgaq2nTxjKEmS',NULL,2,2,'2022-06-19 02:35:08','2022-06-19 04:26:09'),(3,'haris@gmail.com','haris@gmail.com',NULL,'$2y$10$qOXTkm9Yk47kcjk97eMvG.4z504dzmWURXLazhGFjKj4ebaT6gVDC',NULL,2,3,'2022-06-19 15:00:05','2022-06-19 15:00:05');
/*!40000 ALTER TABLE `users` ENABLE KEYS */;
UNLOCK TABLES;
/*!40103 SET TIME_ZONE=@OLD_TIME_ZONE */;

/*!40101 SET SQL_MODE=@OLD_SQL_MODE */;
/*!40014 SET FOREIGN_KEY_CHECKS=@OLD_FOREIGN_KEY_CHECKS */;
/*!40014 SET UNIQUE_CHECKS=@OLD_UNIQUE_CHECKS */;
/*!40101 SET CHARACTER_SET_CLIENT=@OLD_CHARACTER_SET_CLIENT */;
/*!40101 SET CHARACTER_SET_RESULTS=@OLD_CHARACTER_SET_RESULTS */;
/*!40101 SET COLLATION_CONNECTION=@OLD_COLLATION_CONNECTION */;
/*!40111 SET SQL_NOTES=@OLD_SQL_NOTES */;

-- Dump completed on 2022-06-29 16:48:13
